Name;Acrilico;Diversos / Problematico;Eletrica, Hidraúlica, Marcenaria, Serralheria;Equipamentos - Peças e Serviços;Fios de Sutura;Fisioterapia;Gases Medicinais;Instrumental Cirúrgico;Laboratório;Lavanderia, Hotelaria;Medicamentos;Material Medico;Odonto;Papelaria, Informática;Radiologia;Serviços Gráficos;Dedetização;;;;;;;;;;;;;;;
1000 MARCAS;;;X;;;;;;;;;;;X;;;;vendas128@1000marcasbrasil.com.br;;;;;;;;;;;;;;
1LINHA;;;X;X;;;;;;;;;;;;;;juliopuccinelli@1linha.com.br;;;;;;;;;;;;;;
3ALBE;;;;;;;;;;;;X;;;;;;andersem@3albe.com.br;;;;;;;;;;;;;;
ACCORD FARMA;;;;;;;;;;;X;X;;;;;;joaquim.neto.mars@gmail.com;;;;;;;;;;;;;;
ACRILICO ARTE;X;;;;;;;;;;;;;;;;;orcamento@acrilicoarte.com.br;;;;;;;;;;;;;;
ACRILICO ARTE;X;;;;;;;;;;;;;;;;;acrilicoarte.seg@gmail.com;;;;;;;;;;;;;;
ACRIPLAC;X;;;;;;;;;;;;;;;;;acrilico.com@gmail.com;;;;;;;;;;;;;;
ADAINERS;;;;X;;;;;;;X;X;X;;;;;licitacao@adainers.com.br;;;;;;;;;;;;;;
ADAINERS - Adriano;;;;X;;;;;;;X;X;X;;;;;representacao@adainers.com.br;;;;;;;;;;;;;;
ADECIL;;;X;;;;;;;;;;;;;;;epi@adecil.com.br;;;;;;;;;;;;;;
ADENG;;X;;;;;;;;;;;;;;;;lindaura@adeng.com.br;;;;;;;;;;;;;;
ADESIFLEX;;;;;;;;;;;;;;;;X;;001simone@gmail.com;;;;;;;;;;;;;;
ADESIFLEX;X;;;;;;;;;;;;;;;X;;manuelaadesiflex@gmail.com;;;;;;;;;;;;;;
AG WORLD;;;;;;;;;X;;;X;;;;;;contato@agwcomex.com;;;;;;;;;;;;;;
AGIMED - ANDREIA;;;;X;;;;;;;;;;;;;;andreia@agimed.com.br;;;;;;;;;;;;;;
AGIMED - LUZIA;;;;X;;;;;;;;;;;;;;luzia.vendas@agimed.com.br;;;;;;;;;;;;;;
AGIMED 2;;;;X;;;;;;;;;;;;;;secretarias@agimed.com.br;;;;;;;;;;;;;;
AGW COMEX;;;;;;;;;X;;X;X;;;;;;contato@agwcomex.com.br;;;;;;;;;;;;;;
AIR LIQUIDE - CESAR;;;;;;;X;;;;;;;;;;;cesar.ambrosi@airliquide.com;;;;;;;;;;;;;;
AIR LIQUIDE - JOSEANE;;;;;;;X;;;;;;;;;;;joseane.silva@airliquide.com;;;;;;;;;;;;;;
AIR LIQUIDE - MARILENE;;;;;;;X;;;;;;;;;;;marilene.silva@airliquide.com;;;;;;;;;;;;;;
AJUSTE SERVICE;X;;;X;;;;;;;;;;X;;X;;manoel@ajusteservice.com.br;;;;;;;;;;;;;;
ALCON;;;;;;;;;;;X;;;;;;;danilo.novaes@alcon.com;;;;;;;;;;;;;;
ALERE;;;;;;;;;;;X;;;;;;;licitacao.br@alere.com;;;;;;;;;;;;;;
ALEX SARKIS;;;;X;;;;;;;;;;;;;;alexaco@terra.com.br;;;;;;;;;;;;;;
ALFA HOSPITALAR;;;;;;;;;X;;X;X;;;;;;alexcilenio@alfahospitalar.bsb.br;;;;;;;;;;;;;;
ALFA HOSPITALAR;;;;;;;;;;;x;X;;;;;;comercial@alfahospitalar.bsb.br;;;;;;;;;;;;;;
ALIANÇA;;;;;X;;;X;X;X;X;X;X;;X;;;gis_galvao@hotmail.com;;;;;;;;;;;;;;
ALIMED;;;;;;;;;;;;X;;;;;;alimedprodutos2@gmail.com;;;;;;;;;;;;;;
ALIMED DF;;;;;;;;X;X;X;;X;X;;X;;;vendasalimed1@gmail.com;;;;;;;;;;;;;;
ALKA ;;;;X;;;;;X;;;;;;;;;marcia.pacheco@vyttra.com;;;;;;;;;;;;;;
ALLIMED 2;;x;;;;;;;;;;;;;;;;vendasdf@allimed.com.br;;;;;;;;;;;;;;
ALMOXARIFADO - HRG;;X;;;;;;;;;;;;;;;;nmp.hrg@gmail.com;;;;;;;;;;;;;;
ALMOXARIFADO - HRSM;;X;;;;;;;;;;;;;;;;numaphrsm@hotmail.com;;;;;;;;;;;;;;
AMICI DISTRIBUIDORA;X;;;;;;;;;;;;;X;;;;comercial@amicidistribuidora.com.br;;;;;;;;;;;;;;
AMICI FARMA;;;;;;;;;X;;;X;;;;;;comercial@amicifarma.com.br;;;;;;;;;;;;;;
AMICI FARMA;;;;;;;;;;;X;X;;X;;;;vendas@amicifarma.com.br;;;;;;;;;;;;;;
AMPLAMED;;;;X;;;;;;;;;;;;;;amplamed@live.com;;;;;;;;;;;;;;
ANMED;;;;X;;;;;;;;;;;;;;anmed@anmed.com.br;;;;;;;;;;;;;;
ANMED 2;;;;X;;;;;;;;;;;;;;atendimento@anmed.com.br;;;;;;;;;;;;;;
Antartida Refrigeracao;;;X;X;;;;;;;;;;;;;;c.antartidarefrigeracao@yahoo.com.br;;;;;;;;;;;;;;
ANTIBIÓTICOS DO BRASIL;;;;;;;;;;;X;;;;;;;ebbezerra@ablbrasil.com.br;;;;;;;;;;;;;;
APOLLO;;;;;;;;;;;X;X;;;;;;licitacoes@apollo-med.com.br;;;;;;;;;;;;;;
ARS PAPELARIA - Anilson;;;X;;;;;;;X;;;;X;;;;anilson.ramos2@gmail.com;;;;;;;;;;;;;;
ARTHEMUS;;;X;;;;;;X;X;;X;X;X;;;;compras@arthemusatacadista.com.br;;;;;;;;;;;;;;
ARTHEMUS - Rafael;;;X;;;;;;X;X;;X;X;X;;;;rafael.martins@arthemusatacadista.com.br;;;;;;;;;;;;;;
AS3 HOSPITALAR;;;;;;;;;X;X;X;X;X;;X;;;as3@as3hospitalar.com;;;;;;;;;;;;;;
ASSEMEDH DF - RARIANNE;X;X;X;X;;;X;X;X;X;X;X;X;X;X;X;;contato@assemedh.org.br;;;;;;;;;;;;;;
ASSISTRONIC;;X;;;;;;;;;;;;;;;;contato@assistronic.com.br;;;;;;;;;;;;;;
ASTEM;;;;X;;;;;;;;X;;;;;;luana.astem@gmail.com;;;;;;;;;;;;;;
ASTEM - FABIO;;;;X;;;;;;;;X;;;;;;fabio@astembsb.com;;;;;;;;;;;;;;
ASTEM - KAROLINE;;;;X;;;;;;;;X;;;;;;adm02@astembsb.com;;;;;;;;;;;;;;
ASTEM - LEWANDER;;X;;;;;;;;;;;;;;;;natalia@astembsb.com;;;;;;;;;;;;;;
Asthamed;;;;;;;;;X;;X;X;X;;;;;vendas07@asthamed.com.br;;;;;;;;;;;;;;
ATAXMED;;;;X;;;;X;X;X;X;X;X;X;X;;;vendas@ataxmed.com.br;;;;;;;;;;;;;;
ATAXMED;;;;;;;;;;;;;;;;;X;comercial@ataxmed.com.br;;;;;;;;;;;;;;
ATD;;;;;;;;;X;;;X;;;;;;atd.diagnostica@gmail.com;;;;;;;;;;;;;;
ATELIER AQUARIO;;;;;;;;;;X;;;;;;;;atelieraquario@hotmail.com;;;;;;;;;;;;;;
AUROBINDO;;;;;;;;;;;X;;;;;;;juliana.silva@aurobindo.com.br;;;;;;;;;;;;;;
AWMED - ARTWARE;;;X;X;;;;X;X;X;X;X;X;X;;;;awmedbrasil@gmail.com;;;;;;;;;;;;;;
AXON;;;;X;;;;;;;;X;;;;;;apoio@axonbr.com;;;;;;;;;;;;;;
BANCO DE LEITE - HRSM;;X;;;;;;;;;;;;;;;;blhhrsm@gmail.com;;;;;;;;;;;;;;
BARRFAB;;;;X;;;;;;;;;;;;;;posvendas@barrfab.com.br;;;;;;;;;;;;;;
BASZI;;;;;;;;;;;X;X;;;;;;baszicomercial@hotmail.com;;;;;;;;;;;;;;
BASZI - LEONARDO;;;;;;;;;;X;X;X;;;;;;leonardo.compras@hotmail.com;;;;;;;;;;;;;;
BAUMER;;;;X;;;;;;;;;;;;;;baumer@baumer.com.br;;;;;;;;;;;;;;
BAUMER;;;;X;;;;;;;;;;;;;;dolmiro.junior@baumer.com.br;;;;;;;;;;;;;;
BBRAUN - CRISTIANE;;;;;;;;;X;;;X;;;;;;cristiane.silva@bbraun.com;;;;;;;;;;;;;;
BBRAUN - LUIZ;;;;;;;;;X;;;X;;;;;;luiz.faria@bbraun.com;;;;;;;;;;;;;;
befbrasil;;;;X;;;;;;;;;;;;;;contato@hospitalardelta.com.br;;;;;;;;;;;;;;
BELBI;;;;;;;;;;X;;X;;;;;;licitacoes@belbidistribuidora.com.br;;;;;;;;;;;;;;
BHIO SUPPLY;;;;;;;;;;;;X;;;;;;denise.dias@bhiosupply.com.br;;;;;;;;;;;;;;
BIOCORES;;;;;;;;;;;X;X;;;;;;biocores@uol.com.br;;;;;;;;;;;;;;
BIOLINE - NATALIA;;;;;X;;;;;;;;;;;;;licitacao3@biolinefios.com.br;;;;;;;;;;;;;;
BIOLINE - RENATA;;;;;X;;;;;;;;;;;;;licitacao@biolinefios.com.br;;;;;;;;;;;;;;
BIOLINE DF;;;;;X;;;;;;;;;;;;;biolinedf@outlook.com;;;;;;;;;;;;;;
BIOLOG;;;;X;;;;;;;;;;;;;;vendas@biolog.com.br;;;;;;;;;;;;;;
BIOLOG - CELIA;;;;X;;;;;;;;;;;;;;celia@biolog.com.br;;;;;;;;;;;;;;
BIOLOG - DEUSIMAR;;;;X;;;;;;;;;;;;;;deusimar@biolog.com.br;;;;;;;;;;;;;;
BIOLOG - PINEDO;;;;X;;;;;;;;;;;;;;pinedo@biolog.com.br;;;;;;;;;;;;;;
BIOPHAR;X;;;;;;;X;X;X;X;X;X;;X;;;vendas1biopharmedicamentos@gmail.com;;;;;;;;;;;;;;
BIOSHOP;;;;;;;;;;;X;X;;;;;;jeancarlonetto@gmail.com;;;;;;;;;;;;;;
BIOSYS - JUCELIO;;;;;;;;;;;;X;;;;;;juceliobsb@gmail.com;;;;;;;;;;;;;;
BIOSYS - JULIANNA;;;;;;;;;;;;X;;;;;;julianna.garcia@biosys.com.br;;;;;;;;;;;;;;
BIOTECMED;;;;;;;;;;;;X;;;;;;contato@biotecmed.com.br;;;;;;;;;;;;;;
BIOTECMED - FLAVIA;;X;;;;;;;;;;;;;;;;vendas7@biotecmed.com.br;;;;;;;;;;;;;;
Biotecnica;;;;;;;;;X;;;;;;;;;miltonaires@biotecnicabsb.com.br;;;;;;;;;;;;;;
BMR MEDICAL;;;;;;;;;;;;X;;;;;;sarah@bmrmedical.com.br;;;;;;;;;;;;;;
BR DANTAI;;;;;;;;X;;;X;X;X;X;;;;brdantai@hotmail.com;;;;;;;;;;;;;;
BR DANTAI - Walmer;;;;;;;;X;;;X;X;X;X;;;;walmernaves@gmail.com;;;;;;;;;;;;;;
BRAKKO;;;;X;;;;X;;;;X;;;;;;projetos@brakko.com.br;;;;;;;;;;;;;;
BRAKKO;;;;X;;;;X;;;;X;;;;;;vendasdf1@brakko.com.br;;;;;;;;;;;;;;
BRAKKO;;;;X;;;;;;;;;;;;;;vendasdf3@brakko.com.br;;;;;;;;;;;;;;
BRAKKO 2;;;;X;;;;X;;;;X;;;;;;suporte.tecnico@brakko.com.br;;;;;;;;;;;;;;
BRAKKO 3;;X;;;;;;;;;;;;;;;;COTACAO@BRAKKO.COM.BR;;;;;;;;;;;;;;
BRAKKO 4;;;;X;;;;X;;;;X;;;;;;pedidos.ses@brakko.com.br;;;;;;;;;;;;;;
BRASALI DEDETIZADORA;;;;;;;;;;;;;;;;;X;brasalidedetizadora@gmail.com;;;;;;;;;;;;;;
Brasfreezer;;;;X;;;;;;;;;;;;;;brasfreezer@hotmail.com;;;;;;;;;;;;;;
BRASIL COMMERCE;;;;X;;;;;;;;;;;;;;ramon@brasilcommerce.net;;;;;;;;;;;;;;
BRASILIA SCIENTIFIC;;;;;;;;;;;;X;;;;;;brasiliascientific@gmail.com;;;;;;;;;;;;;;
BRASILIA SCIENTIFIC - MAURISIO;;;;;;;;;;;;X;;;;;;maurisio.brasiliascientific@gmail.com;;;;;;;;;;;;;;
BRASMEDICA;;;;X;;;;;;;;X;;;;;;brasmedica.at@gmail.com;;;;;;;;;;;;;;
BRASMEDICA;;;;X;;;;;;;;;;;;;;brasmedica@uol.com.br;;;;;;;;;;;;;;
BRASMEDICA;;;;X;;;;;;;;;;;;;;gilmar.brasmedica@yahoo.com.br;;;;;;;;;;;;;;
BRASMEDICA;;;;X;;;;;;;;;;;;;;gilmar.santos@brasmedica.net;;;;;;;;;;;;;;
BRASMEDICA - MARIA;;;;X;;;;;;;;X;;;;;;maria.oliveira@brasmedica.net;;;;;;;;;;;;;;
BRASMEDICA 2;;;;X;;;;;;;;X;;;;;;cotacao@brasmedica.net;;;;;;;;;;;;;;
BRATOX DEDETIZADORA;;;;;;;;;;;;;;;;;X;bratoxbrasilia@gmail.com;;;;;;;;;;;;;;
BRAVOLUZ;;;X;;;;;;;;;;;;;;;contato@bravoluz.com.br;;;;;;;;;;;;;;
BRAVOLUZ - CAIO;;;X;;;;;;;;;;;;;;;caio@bravoluz.com.br;;;;;;;;;;;;;;
BRB GAMA;;X;;;;;;;;;;;;;;;;ana.mourao@brb.com.br;;;;;;;;;;;;;;
BRB GAMA;;x;;;;;;;;;;;;;;;;0144@brb.com.br;;;;;;;;;;;;;;
BRB GAMA;;x;;;;;;;;;;;;;;;;gghrg@brb.com.br;;;;;;;;;;;;;;
BRB Santa Maria;;X;;;;;;;;;;;;;;;;camila.bastos@brb.com.br;;;;;;;;;;;;;;
BRB Santa Maria;;x;;;;;;;;;;;;;;;;ggsantamaria@brb.com.br;;;;;;;;;;;;;;
BSB CASAS;;;X;X;;;;;;;;;;;;;;mgcasasprefabricadas@gmail.com;;;;;;;;;;;;;;
BSB COMERCIAL;;;;;;;;X;X;;X;X;X;;;;;bsbcomhosp@gmail.com;;;;;;;;;;;;;;
BSB GASES;;;;;;;X;X;X;;;X;;;;;;comercial@bsbgases.com.br;;;;;;;;;;;;;;
BSB MEDICAL - ANA;;;;X;;;;;;;;;;;;;;ana@bsbmedical.com.br;;;;;;;;;;;;;;
BSB MEDICAL - FLAVIA;;;;X;;;;;;;;;;;;;;flavia@bsbmedical.com.br;;;;;;;;;;;;;;
BSB MEDICAL - GLEIDSON;;;;X;;;;;;;;;;;;;;gleidson@bsbmedical.com.br;;;;;;;;;;;;;;
BSB MEDICAL - ROMULO;;;;X;;;;;;;;;;;;;;romulo@bsbmedical.com.br;;;;;;;;;;;;;;
bucarengenharia;;;;X;;;;;;;;;;;;;;comercial@bucarengenharia.com.br;;;;;;;;;;;;;;
C CIRURGICO - HRG;;X;;;;;;;;;;;;;;;;moacir.cc@hotmail.com;;;;;;;;;;;;;;
CAMB;;;;;;;;;X;;;X;;;;;;licitacao@camb.com.br;;;;;;;;;;;;;;
CAMB - RICARDO;;;;;;;;;X;;;X;;;;;;ricardo@camb.com.br;;;;;;;;;;;;;;
CAMP MED;;;;;;;;;;X;;;;;;;;guedes.elis@ig.com.br;;;;;;;;;;;;;;
CAPITAL MEDH ;;;;;;;;;;;X;X;;;;;;comercial@capitalmedh.com;;;;;;;;;;;;;;
CAPITAL MEDH - Elciney;;;;;;;;;;;X;X;;;;;;elciney@capitalmedh.com;;;;;;;;;;;;;;
CARBOGRAFITE;;;;;;;X;;;;;;;;;;;gerencia06@carbografite.com.br;;;;;;;;;;;;;;
CARDIOBRAS;;X;;;;;;;;;;;;;;;;cardiobras@terra.com.br;;;;;;;;;;;;;;
CARDIOBRAZ;;;;X;;;;;;;;;;;;;;cardiobras@cardiobras.com;;;;;;;;;;;;;;
CASA DA QUIMICA;;;;;;;;;X;X;;;;;;;;weslley@casadaquimicadf.com.br;;;;;;;;;;;;;;
CASA DAS ETIQUETAS;;;;;;;;;;;;;;X;;;;casadasetiquetasbsb@gmail.com;;;;;;;;;;;;;;
CASA LIMPA DF;;;;;;;;;;;;;;;;;X;casalimpadf@hotmail.com;;;;;;;;;;;;;;
CATTIS MEDICAL;;;;;;;;X;;;;X;;;;;;camila.chagas@cattismedical.com.br;;;;;;;;;;;;;;
CATTIS MEDICAL;;;;;;;;X;;;;X;;;;;;tiago.sales@cattismedical.com.br;;;;;;;;;;;;;;
CATTIS MEDICAL;;;;;;;;X;;;;X;;;;;;cotacao@cattismedical.com.br;;;;;;;;;;;;;;
CATTIS MEDICAL;;x;;;;;;;;;;;;;;;;administrativodf@cattismedical.com.br;email nao eh encontrado;;;;;;;;;;;;;
CATTIS MEDICAL;;X;;;;;;;;;;;;;;;;administtrativodf3@cattismedical.com.br;;;;;;;;;;;;;;
CBA;;;;;;;;X;X;X;;X;;;;;;cbatmk@gmail.com;;;;;;;;;;;;;;
CBA - THIAGO;;;;;;;;X;X;X;;X;;;;;;thiagogvtcba@gmail.com;;;;;;;;;;;;;;
CEI - PAULA;;;;;;;;;;;;X;;;;;;paula.tavares@cei-brasil.com;;;;;;;;;;;;;;
CEI - THIAGO;;;;;;;;;;;;X;;;;;;tiago.perez@cei-brasil.com;;;;;;;;;;;;;;
CENTRAL MÉDICA;;;;;;;;X;;;;X;;;;;;jotaray@gmail.com;;;;;;;;;;;;;;
CENTRO-OESTE;;;X;;;;;;;X;;;;;;;;agxlicitacao@gmail.com;;;;;;;;;;;;;;
CEPHEID;;;;X;;;;;;;;;;;;;;jose.wilsonpereira@cepheid.com;;;;;;;;;;;;;;
CFB MEDICAL;;;;X;;;;X;;;X;X;X;;;;;cfbmedical@cfbmedical.com.br;;;;;;;;;;;;;;
CFB MEDICAL - Celso Brun;;;;X;;;;X;;;X;X;X;;;;;celso.brun@cfbmedical.com.br;;;;;;;;;;;;;;
CIA SUPRIMENTOS;;;;X;;;;X;;X;;X;;X;;;;vendas@ciasuprimentos.com.br;;;;;;;;;;;;;;
CIA SUPRIMENTOS 2;;;;X;;;;X;;X;;X;;X;;;;ciasup.med@gmail.com;;;;;;;;;;;;;;
CIENTIFICA - Alessandra;;;;;;;;;X;;X;X;;;;;;vendas7@cientificahospitalar.com.br;;;;;;;;;;;;;;
CINCO CONFIANÇA;;;;;;;;;;;;X;;;;;;paula.tavares@cei-brasil.com;;;;;;;;;;;;;;
CIRURGIA E VIDEO;;;;x;;;;;;;;;;;;;;cirurgia.videodf@gmail.com;;;;;;;;;;;;;;
CIRURGICA ALSTYN;;;;;;;;;;;;X;;;;;;cirurgicaalstyn1@hotmail.com;;;;;;;;;;;;;;
CIRURGICA ALSTYN;;;;;;;;;;;;X;;;;;;rutelima26@hotmail.com;;;;;;;;;;;;;;
CIRURGICA DMG;;;;X;;;;X;;;;X;X;;;;;felipe@cirurgicadmg.com.br;;;;;;;;;;;;;;
CIRURGICA FERNANDES;;;;;;;;X;;;;X;;;;;;licitacao15@cfernandes.com.br;;;;;;;;;;;;;;
CIRURGICA FERNANDES - Ana;;;;;;;;X;;;;X;;;;;;abeatriz@cfernandes.com.br;;;;;;;;;;;;;;
CIRURGICA FERNANDES - Larissa;;;;;;;;X;;;;X;;;;;;lhenid@cfernandes.com.br;;;;;;;;;;;;;;
CIRURGICA FERNANDES 2;;;;;;;;X;;;;X;;;;;;barretosousarepresentacoes@gmail.com;;;;;;;;;;;;;;
CIRURGICA RIBEIRÃO PRETO;;;;X;X;;;X;X;X;;X;;;;;;marcoscrpreto@terra.com.br;;;;;;;;;;;;;;
CITOPHARMA;;;;;;;;;;;X;;;;;;;jorge1@citopharma.com.br;;;;;;;;;;;;;;
CMC;;;;;;;;;;;;X;;;;;;vendascmchospitalar@hotmail.com;;;;;;;;;;;;;;
CMC HOSPITALAR;;;;;;;;X;X;X;X;X;X;X;;;;vendas02@cmchospitalar.com.br;;;;;;;;;;;;;;
COLORADO;;;;;;;;;;;X;X;;X;;;;cotacao@drogariacolorado.com.br;;;;;;;;;;;;;;
COMERCIAL 8;;;;X;;;;;X;X;;X;X;X;X;X;;comercial8.2021@gmail.com;;;;;;;;;;;;;;
COMERCIAL PLENITUDE;;;X;;;;;;;;;;;X;;;;comercialplenitude@hotmail.com;;;;;;;;;;;;;;
COMLAB;;;;X;;;;;;;;;;;;;;comlabdf@gmail.com;;;;;;;;;;;;;;
CONCERMEDICAL;;;;X;;;;;;;;;;;;;;concermedical@gmail.com;;;;;;;;;;;;;;
CONECTTA;X;;;;;;;;X;;;X;;;;;;comercialconectta@gmail.com;;;;;;;;;;;;;;
CONFITECH;;;;X;;;;;;;;;;;;;;adm@confitech.com.br;;;;;;;;;;;;;;
CONFITECH;;X;;;;;;;;;;;;;;;;confitech.vendas@terra.com.br;;;;;;;;;;;;;;
CONFITECH;;;;X;;;;;;;;;;;;;;confitech@hotmail.com;;;;;;;;;;;;;;
CONTROL THERM;;;;X;;;;;;;;;;;;;;controltherm@hotmail.com;;;;;;;;;;;;;;
CONVERGE;;;;;;;;;;;;X;;;;;;licitacaoconverge@gmail.com;;;;;;;;;;;;;;
CRISTALIA ;;;;;;;;;;;X;;;;;;;concorrencia5@cristalia.com.br;;;;;;;;;;;;;;
CRISTALIA 3;;;;;;;;;;;X;;;;;;;bhz@cristalia.com.br;;;;;;;;;;;;;;
CRISTALIA 4;;;;;;;;;;;X;;;;;;;cristaliaregionalbh@gmail.com;;;;;;;;;;;;;;
CRISTALIA 5;;;;;;;;;;;X;;;;;;;hos14320@cristaliafv.com.br;;;;;;;;;;;;;;
CRISTALIA EDER;;;;;;;;;;;X;;;;;;;eder.moura@cristalia.com.br;;;;;;;;;;;;;;
CRISTALIA ORDENS D COMPRA;;X;;;;;;;;;;;;;;;;natalia.franklin@cristalia.com.br;;;;;;;;;;;;;;
CRISTALIA THAIS;;;;;;;;;;;X;;;;;;;thais.felix@cristalia.com.br;;;;;;;;;;;;;;
CRUZEIRO DEDETIZADORA;;;;;;;;;;;;;;;;;X;contato@cruzeirodedetizadora.com.br;;;;;;;;;;;;;;
CTI COMERCIO;;;;X;;;;X;;;;X;;;;;;jaime.licitacao@ctiweb.com.br;;;;;;;;;;;;;;
CTI COMERCIO;;;;X;;;;X;;;;X;;;;;;leandro_w@ctiweb.com.br;;;;;;;;;;;;;;
CURA E MED;;;;;;;;;;;;X;;;;;;cotacao@curaemed.com.br;;;;;;;;;;;;;;
CURA E MED - Letícia;;;;;;;;;;;;X;;;;;;leticia.jordao@curaemed.com.br;;;;;;;;;;;;;;
D&J REPRESENTACOES;;;;;;;;;;;X;X;;;;;;daniel@dejrepresentacoes.com.br;;;;;;;;;;;;;;
DA - HRSM;;X;;;;;;;;;;;;;;;;diretoria.adm.hrsm@gmail.com;;;;;;;;;;;;;;
DBlassl Hospitalar;;;X;;;;;X;;X;;X;X;X;X;;;comercial@dblasslhospitalar.com.br;;;;;;;;;;;;;;
DCRUZ;;;;;;;;;;;;X;;;;;;licitacao@dcruzcomercial.com.br;;;;;;;;;;;;;;
DEDETIZADORA FOLHA;;;;;;;;;;;;;;;;;X;dedetizadorafolha@gmail.com;;;;;;;;;;;;;;
DELTA;;;;;;;;;;;;X;;;;;;licitacao@deltamedicalbrasilia.com.br;;;;;;;;;;;;;;
DELTA MED;;;;;;;;;;;X;X;;;;;;vendas02@deltamedhosp.com.br;;;;;;;;;;;;;;
DELTA MED - ALINE;;X;;;;;;;;;;;;;;;;aline.lima@deltamedhosp.com.br;;;;;;;;;;;;;;
DENTAL ARAUJO;;;;;;;;X;;;X;X;X;;;;;dentalaraujobsb@gmail.com;;;;;;;;;;;;;;
DENTAL FORTE;;;;;;;;;;;X;;X;;;;;rafaelsdental@gmail.com;;;;;;;;;;;;;;
DENTAL MED OESTE;;;;;;;;;X;X;X;X;X;;;;;vendas2.dentalmed@gmail.com;;;;;;;;;;;;;;
DENTAL OPEN;;;;;;;;;;;;;X;;;;;contato@dentalopen.com.br;;;;;;;;;;;;;;
DENTAL PRIME;;;;;;;;;;;;;;;;;;licitacao@dentalprimecwb.com.br;;;;;;;;;;;;;;
DENTAL PRINCIPAL;;;;;;;;;;;;;X;;;;;principaldentarios@gmail.com;;;;;;;;;;;;;;
DESCARTEK;;;;X;;;;;;;;;;;;;;vendasdescartek@gmail.com;;;;;;;;;;;;;;
DESCTEXTIL;;;;;;;;;;X;;X;;;;;;vendasdesctextil@gmail.com;;;;;;;;;;;;;;
DEUSLIH;;;;X;;;;;;;;;;;;;;deuslih@gmail.com;;;;;;;;;;;;;;
DEUSLIH;;;;X;;;;;;;;;;;;;;deuslih@yahoo.com.br;;;;;;;;;;;;;;
DIAGLAB DF;;;;;;;;;X;;;X;;;;;;diaglab@diaglabdf.com.br;;;;;;;;;;;;;;
DIRK LABIMED - ESCOVAS;;;;;;;;;;;;X;;;;;;dirklabimed@gmail.com;;;;;;;;;;;;;;
DISPOMED;;;;;;;;;;;;X;;;;;;dispomedlicitacao@gmail.com;;;;;;;;;;;;;;
DISTRIBUIDORA BRASIL;;;;;;;;X;;X;X;X;X;;;;;televendas06@distbrasil.net;;;;;;;;;;;;;;
DISTRIBUIDORA BRASIL - Deisy;;;x;;;;;;;;;;;;;;;tele06.distbrasil@gmail.com;;;;;;;;;;;;;;
DL DISTRIBUIDORA ;;;;;;;;;;;X;X;X;;;;;dl15@dldistribuidora.net.br;;;;;;;;;;;;;;
DL DISTRIBUIDORA 1;;;;;;;;;;;X;X;X;;;;;dl1@dldistribuidora.net.br;;;;;;;;;;;;;;
DL DISTRIBUIDORA 2;;;;;;;;;;;X;X;;;;;;coordenador@dldistribuidora.net.br;;;;;;;;;;;;;;
DMI;;;;;;;;;;;;X;;;;;;vendas3@dmidf.com.br;;;;;;;;;;;;;;
DMI - ADRIANA;;;;;;;;;;;;X;;;;;;adrianadmivendas@gmail.com;;;;;;;;;;;;;;
DMI - WASHINGTON;;;;;;;;;;;;X;;;;;;wribeirodmi@gmail.com;;;;;;;;;;;;;;
DOCTORMED;;;X;X;;;;X;X;X;X;X;X;;X;;;cotacao.doctormed@gmail.com;;;;;;;;;;;;;;
DOCTORXRADIOLOGIA;;;;X;;;;;;;;;;;;;;contato@doctorxradiologia.com.br;;;;;;;;;;;;;;
DRIM IMPORTAÇÃO - RÉGIO;;;;X;;;;X;X;X;X;X;X;;X;;;Comercial@drimportacao.com.br;;;;;;;;;;;;;;
DRM;;;;X;;;;;;;;;;;;;;drmmanutencaohosp@gmail.com;;;;;;;;;;;;;;
Drogaria Gabriel Akio;;;;;;;;;;;X;X;;;;;;takfarmaceutico7937@gmail.com;;;;;;;;;;;;;;
DROGARIA LARES;;;;;;;;;;;X;X;;;;;;drogarialares@gmail.com;;;;;;;;;;;;;;
DS MEDICAL;;;;X;;;;;;;;;;;;;;dsequipamentos@outlook.com;;;;;;;;;;;;;;
DS MEDICAL;;;;X;;;;;;;;;;;;;;dsmedicalequipamentos@gmail.com;;;;;;;;;;;;;;
EASY;;;;;;;;;X;;;X;;;;;;easy@easycientifica.com.br;;;;;;;;;;;;;;
ECOLAR ENGENHARIA;;;X;X;;;;;;;;X;;;;;;engenhariatenas@gmail.com;;;;;;;;;;;;;;
ECOLOGIC DEDETIZADORA;;;;;;;;;;;;;;;;;X;contato@ecologicdedetizadora.com.br;;;;;;;;;;;;;;
ECOMED;;;;X;;;;;;;;X;;;;;;adrianaecomed@hotmail.com;;;;;;;;;;;;;;
ECOPRINT;;;X;;;;;;;;;X;;X;;;;tiago.ecoprint@hotmail.com;;;;;;;;;;;;;;
ECOSONIC;;;;X;;;;;;;;;;;;;;atendimento@ecosonic.com.br;;;;;;;;;;;;;;
EDJ;;;;;;;;X;;X;;X;;;;;;comercial.nrgoias@gmail.com;;;;;;;;;;;;;;
EDJ 2;;;;;;;;X;X;X;X;X;;;;;;contato.edj@gmail.com;;;;;;;;;;;;;;
EDLO;;;;X;;;;;;;;;;;;;;fabio@edlo.com.br;;;;;;;;;;;;;;
EDLO;;;;X;;;;;;;;;;;;;;LICITACOES@edlo.com.br;;;;;;;;;;;;;;
EDNALDO;;;X;;;;;;;;;;;;;;;ferreira.isac1999@gmail.com;;;;;;;;;;;;;;
EGS;;;;;;;;;;;X;X;;;;;;egs.hospitalar@gmail.com;;;;;;;;;;;;;;
EL REFORMAS;;;X;;;;;;;;;;;;;;;eelreformas@hotmail.com;;;;;;;;;;;;;;
ELETRICA ESTRELA;;;X;;;;;;;;;;;;;;;ceilandia@eletricaestrela.com.br;;;;;;;;;;;;;;
ELETRICA PISTÃO;;;X;X;;;;;;;;;;;;;;FRANCIVALDO@VULCAODABORRACHA.COM.BR;;;;;;;;;;;;;;
ELÉTRICA REGIONAL;;;X;X;;;;;;;;;;;;;;eletricaregional@gmail.com;;;;;;;;;;;;;;
ELETRO JR;;;X;;;;;;;;;;;;;;;eletrojr.97@gmail.com;;;;;;;;;;;;;;
ELETRO TERRIVEL;;;X;;;;;;;;;;;;;;;licitacao03@eletroterrivel.com.br;;;;;;;;;;;;;;
ELETROHOSPITALAR;;;;X;;;;;;;;;;;;;;atendimento.eletrospitalar@gmail.com;;;;;;;;;;;;;;
ELETROHOSPITALAR;;;;X;;;;;;;;;;;;;;tecnico@eletrospitalar.com.br;;;;;;;;;;;;;;
ELETROHOSPITALAR;;;;X;;;;;;;;;;;;;;atendimento@eletrospitalar.com.br;;;;;;;;;;;;;;
ELETROHOSPITALAR;;;;X;;;;;;;;;;;;;;jornei.monteiro.eletrospitalar@gmail.com;;;;;;;;;;;;;;
ELETROSPITALAR;;;;X;;;;;;;;;;;;;;jornei.monteiro@eletrospitalar.com.br;;;;;;;;;;;;;;
ELLO;;;;;;;;X;X;;;X;X;X;;;;wagnermonteiro2804@gmail.com;;;;;;;;;;;;;;
EMEDCAL;;;;;;;;;X;;X;X;;;;;;emedcal@emedcal.com;;;;;;;;;;;;;;
EMEDCAL - CELSO;;;;;;;;;;;;X;;;;;;celso.brun@emedcal.com;;;;;;;;;;;;;;
EMEDCAL - EMILLE;;;;;;;;;;;;X;;;;;;emille@emedcal.com;;;;;;;;;;;;;;
Emernegildo Junior;;;;;;;X;X;X;X;X;X;X;;X;;;alexcilenio@alfahospitalar.bsb.br;;;;;;;;;;;;;;
ENGENHARIA ATENAS;;;;X;;;;;;;;;;;;;;engenhariatenas@gmail.com;;;;;;;;;;;;;;
ENGENHARIA CLINICA - HRSM;;X;;;;;;;;;;;;;;;;engenhariaclinica.hrsm@gmail.com;;;;;;;;;;;;;;
EPROM;;;;X;;;;;;;;;;;;;;eprom.equipamentos@hotmail.com;;;;;;;;;;;;;;
ERIDATA TELEINFORMÁTICA;;;;X;;;;;;;;;;;;;;eridata@globo.com;;;;;;;;;;;;;;
ESPIRITO SANTO;;;;;;;;;;;X;;;;;;;vendas06.espsantohospitalares@gmail.com;;;;;;;;;;;;;;
ÉTICA ;;;;;;;;X;X;X;X;X;X;X;;;;eticahospitalargo@gmail.com;;;;;;;;;;;;;;
ÉTICA - SILVANA;;;;;;;;X;X;X;X;X;X;X;;;;silvanarochalima@hotmail.com;;;;;;;;;;;;;;
EUROMEDICAL;;;;;;;;X;;;;;;;;;;vendas@euromedicalinstrumental.com.br;;;;;;;;;;;;;;
EXCELÊNCIA SAÚDE;;;;;;;;X;;;;;;;;;;excelenciasaude@excelenciasaude.com.br;;;;;;;;;;;;;;
FABIOSARRES;;;;X;;;;;;;;;;;;;;fabiosarres@hotmail.com;;;;;;;;;;;;;;
FARMACIA - HRSM;;X;;;;;;;;;;;;;;;;farmaciacentral.hrsm@gmail.com;;;;;;;;;;;;;;
FARMACE;;;;;;;;;;;X;;;;;;;licitacao@farmace.com.br;;;;;;;;;;;;;;
FARMACE COTAÇÃO;;;;;;;;;;;X;;;;;;;licitacao.cotacao4@farmace.com.br;;;;;;;;;;;;;;
FARMACIA - HRG;;X;;;;;;;;;;;;;;;;farhrg@gmail.com;;;;;;;;;;;;;;
FARMACONN;;x;;;;;;;;;;;;;;;;comercial@farmaconn.com.br;;;;;;;;;;;;;;
FARMARIN;;;;;;;;;;;X;X;;;;;;vendas1@farmarin.com.br;;;;;;;;;;;;;;
FARMARIN - Thaissa;;;;;;;;;;;X;X;;;;;;thaissa.farmarin@gmail.com;;;;;;;;;;;;;;
FARMARIN 2;;;;;;;;;;;X;X;;;;;;vendas2@farmarin.com.br;;;;;;;;;;;;;;
FDF MEDICAMENTOS;;;;;;;;;;;X;X;;;;;;COMERCIALFDFHOSPITALAR@GMAIL.COM;;;;;;;;;;;;;;
FDF MEDICAMENTOS 2;;;;;;;;;;;X;X;;;;;;COMPRASFDF@GMAIL.COM;;;;;;;;;;;;;;
FENIX MATERIAIS CONSTRUÇÃO;;;X;;;;;;;;;;;;;;;fenix.licitacao2017@gmail.com;;;;;;;;;;;;;;
FERRAGENS BRILHAR;;;X;;;;;;;;;;;;;;;eletricabrilhar@hotmail.com;;;;;;;;;;;;;;
FERRAGENS GAMA;;;X;;;;;;;;;;;;;;;waferragens@yahoo.com.br;;;;;;;;;;;;;;
FERRAGENS GAMA - ADRIANO;;;X;;;;;;;;;;;;;;;adrianoweslei@yahoo.com.br;;;;;;;;;;;;;;
FERRAGENS L͍DER;;;X;;;;;;;;;;;;;;;ferragenslider1@uol.com.br;;;;;;;;;;;;;;
FERRAGENS LIDER 2;;;X;;;;;;;;;;;;;;;ferragenslider@uol.com.br;;;;;;;;;;;;;;
FJ COMÉRCIO;;;;;;;;;;;;X;;;;;;comercial@fjcomercio.com.br;;;;;;;;;;;;;;
FLTS;;;;;;;;;;;X;X;;;;;;alex@fltshospitalares.com.br;;;;;;;;;;;;;;
FLUKKA;;;;;;;;;;;;X;;;;;;felipe@flukka.com.br;;;;;;;;;;;;;;
FLUKKA - ALPROSTADIL;;;;;;;;;;;X;;;;;;;vendas6@flukka.com.br;;;;;;;;;;;;;;
FLUKKA - ALPROSTADIL;;;;;;;;;;;X;;;;;;;formulasmagistrais.cotacao@hotmail.com;;;;;;;;;;;;;;
FMC;;;;;;;;;;;;X;;;;;;pedidos@fmc-ag.com;;;;;;;;;;;;;;
FOLHA DEDETIZADORA;;;;;;;;;;;;;;;;;X;contato@folhadedetizadora.com.br;;;;;;;;;;;;;;
FORLAB;;;;;;;;;X;;;;;;;;;info@forlabexpress.com.br;;;;;;;;;;;;;;
FORTY DISTRIBUIDORA;;;;;;;;;;X;;;;;;;;distribuidoraforty@gmail.com;;;;;;;;;;;;;;
FPS REPRESENTAÇÕES;;;;;;;;X;;;;X;;;;;;fpsrepcomercio@gmail.com;;;;;;;;;;;;;;
FRADEL;;X;;;;;;;;;;;;;;;;fradelmed@terra.com.br;;;;;;;;;;;;;;
FRAGA HOSPITALAR;;;;;;;;X;;;;;;;;;;comercial3@fragahospitalar.com.br;;;;;;;;;;;;;;
FREITASREFRIGERACAO;;;;X;;;;;;;;;;;;;;freitasrefrigeracao@gmail.com;;;;;;;;;;;;;;
FRESENIUS;;;;;;;;;;;;X;;;;;;pedidos@fmc-ag.com;;;;;;;;;;;;;;
FRESENIUS;;X;;;;;;;;;;;;;;;;licitacao@fmc-ag.com;;;;;;;;;;;;;;
FRESENIUS - EDGAR;;;;;;;;;;;;X;;;;;;edgar.mota@fmc-ag.com;;;;;;;;;;;;;;
FRESENIUS - GABRIELA;;;;;;;;;;;;X;;;;;;gabriela.moura@fmc-ag.com;;;;;;;;;;;;;;
FRESENIUS - INGRYD;;x;;;;;;;;;;;;;;;;ingryd.oliveira@fmc-ag.com;;;;;;;;;;;;;;
FRESENIUS - NIELSEN;;;;;;;;;;;;X;;;;;;nielsen.faria@fmc-ag.com;;;;;;;;;;;;;;
FS NEGOCIOS;;;;X;;;;;;;;X;;;;;;contato@fsnegocios.com.br;;;;;;;;;;;;;;
G.A.C. FREITAS;;;;;;;;;;X;;;;;;;;maurosiriosimon@hotmail.com;;;;;;;;;;;;;;
GA HOSPITALAR;;;;;;;;X;X;X;X;X;;;;;;gahospitalaradm@gmail.com;;;;;;;;;;;;;;
GAMACORP;;;;;;;;;;;X;X;;;;;;vendas@gamacorphospitalar.com.br;;;;;;;;;;;;;;
GAMACORP - JOSÉ;;;;;;;;;;;X;X;;;;;;jotaray@gmail.com;;;;;;;;;;;;;;
GARCIA;;;X;;;;;;;;;;;;;;;comercialgarciabsb@gmail.com;;;;;;;;;;;;;;
Gefferson Ribeiro;;;X;;;;;;;;;;;;;;;madeireiraribeiro@yahoo.com.br;;;;;;;;;;;;;;
GENERAL;;;;;;;;;;;;X;;;;;;vendas@generalmed.com.br;;;;;;;;;;;;;;
GENERALMED;;;;;;;;;;X;;X;;;;;;vendas@generalmed.com.br;;;;;;;;;;;;;;
GENETICA;;;;;;;;X;X;;;X;;;;;;cotacao@geneticabrasil.com.br;;;;;;;;;;;;;;
GENETICA - DANIEL;;;;;;;;X;X;;;X;;;;;;daniel.pellissaro@geneticabrasil.com.br;;;;;;;;;;;;;;
GENETICA - LUDMILLA;;;;;;;;;X;;X;X;;;;;;ludmilla@geneticabrasil.com.br;;;;;;;;;;;;;;
GLOBAL 2;;;;;;;;;;;X;X;;;;;;televendas2@globalhospitalar.com.br;;;;;;;;;;;;;;
GLOBAL HOSPITALAR;;;;;;;;;;;X;X;;;;;;televendas11@globalhospitalar.com.br;;;;;;;;;;;;;;
GMANUTENCOES;;;;X;;;;;;;;;;;;;;V.GMANUTENCOES@HOTMAIL.COM;;;;;;;;;;;;;;
GOIANIA MÉDICA;;;;;;;;X;X;;X;X;X;;;;;licitacao@goianiamedica.com.br;;;;;;;;;;;;;;
GRANMEDICA;;;;X;;;;;;;;X;;X;;;;granmedica.negocios@gmail.com;;;;;;;;;;;;;;
GRIFOLS;;;;X;;;;;X;;X;;;;;;;joao.oliveira@grifols.com;;;;;;;;;;;;;;
GRUPO ELFA4;;;;;;;;;;;X;;;;;;;licitacao@grupoelfa.com.br;;;;;;;;;;;;;;
HAOXI;;;;X;;;;;;;;X;;;;;;vendas@haoxi.com.br;;;;;;;;;;;;;;
HAOXI;;;;X;;;;;;;;X;;;;;;vendas1@haoxi.com.br;;;;;;;;;;;;;;
HAOXI;;;;X;;;;;;;;X;;;;;;vendas2@haoxi.com.br;;;;;;;;;;;;;;
HARTE;;;;;;;;X;;;;;;;;;;contato@harteinstrumentos.com.br;;;;;;;;;;;;;;
HATRIL;;X;;;;;;;;;;;;;;;;edgar@hatril.com.br;;;;;;;;;;;;;;
HATRIL;;X;;;;;;;;;;;;;;;;elver@hatril.com.br;;;;;;;;;;;;;;
HATRIL;;;;X;;;;;;;;;;;;;;ana@hatril.com.br;;;;;;;;;;;;;;
HELP DAS PISCINAS;;;;;;;;;;;;;;;;;X;helpdaspiscinasme@gmail.com;;;;;;;;;;;;;;
HEMOGRAM - Vyttra;;;;;;;;;X;;;;;;;;;marcia.pacheco@vyttra.com;;;;;;;;;;;;;;
HIDROLIGHT;;;;;;X;;;;;;;;;;;;antonio-rangel@uol.com.br;;;;;;;;;;;;;;
HOLPEMED;;;;;;;;;;;;X;;;;;;pdpasholpemed@gmail.com;;;;;;;;;;;;;;
HOSPCOM;;;;X;;;;;;;;;;;;;;pdpasholpemed@gmail.com;;;;;;;;;;;;;;
HOSPDROGAS;;;;;;;;;X;;X;X;;;;;;hospdrogas@hospdrogas.com.br;;;;;;;;;;;;;;
HOSPDROGAS - ÉLIKA;;;;;;;;;X;;X;X;;;;;;elika.freire@hospdrogas.com.br;;;;;;;;;;;;;;
HOSPDROGAS - HERMILTON;;;;;;;;;X;;X;X;;;;;;hermilton@hospdrogas.com.br;;;;;;;;;;;;;;
HOSPDROGAS - HERMILTON 2;;;;;;;;;X;;X;X;;;;;;araujo.venda@hotmail.com;;;;;;;;;;;;;;
HOSPFAR;;;;;;;;;X;;X;X;X;;X;;;televendasbsb@hospfar.com;;;;;;;;;;;;;;
HOSPFAR - EDUARDO;;X;;;;;;;;;;;;;;;;eduardosousa@hospfar.com.br;;;;;;;;;;;;;;
HOSPFAR - EDUARDO;;;;;;;;;X;;X;X;X;;X;;;egs.hospitalar@gmail.com;;;;;;;;;;;;;;
HOSPFAR - ELAINE;;X;;;;;;;;;;;;;;;;elaine@hospfar.com.br;;;;;;;;;;;;;;
HOSPFAR - HELLEN;;X;;;;;;;;;;;;;;;;hellen@hospfar.com.br;;;;;;;;;;;;;;
HOSPFAR - ISABELA;;;;;;;;;X;;X;X;X;;X;;;isabela@dfhospitalar.com.br;;;;;;;;;;;;;;
HOSPFAR - RENATO;;X;;;;;;;;;;;;;;;;renato.costa@hospfar.com.br;;;;;;;;;;;;;;
HOSPFAR - RICARDO;;X;;;;;;;;;;;;;;;;ricardo.hospfar@gmail.com;;;;;;;;;;;;;;
hospitalardelta;;;;X;;;;;;;;;;;;;;contato@befbrasil.com.br ;;;;;;;;;;;;;;
HOSPMED;;;;;X;;;X;X;;;X;X;;;;;hospmed.vendas02@gmail.com;;;;;;;;;;;;;;
HOSPMED - MARLENE;;;;;X;;;X;X;;;X;X;;;;;marlene@hospmedgo.com.br;;;;;;;;;;;;;;
HOSPTEC - MESSIAS;;;;;;;;;X;;;X;;;;;;messias.hospitech@gmail.com;;;;;;;;;;;;;;
HOSPTEC - VITÓRIA;;;;;;;;;X;;;X;;;;;;licitacao01@hosptech-go.com.br;;;;;;;;;;;;;;
HOSPTEC - VITÓRIA;;;;;;;;;X;;;X;;;;;;vendas01@hosptech-go.com.br;;;;;;;;;;;;;;
HOSPTEC - VITÓRIA;;x;;;;;;;;;;;;;;;;vitoria.hospitech@gmail.com;;;;;;;;;;;;;;
HOSPTEL;;;;;;;;;;X;;X;;;;;;hosptel@hosptel.com.br;;;;;;;;;;;;;;
HUMAN TEC;;;;X;;;;X;;;;;;;;;;vinicius.lemarc@humantecbrasil.com;;;;;;;;;;;;;;
HYPER MEDICAL;;;;;;;;;;X;;X;;;;;;julliar@icloud.com;;;;;;;;;;;;;;
IBF;;;;;;;;;;;;;;;X;;;ajulie@ibf.com.br;;;;;;;;;;;;;;
IBF 2;;;;;;;;;;;;;;;X;;;slrocque@ibf-mail.com.br;;;;;;;;;;;;;;
IH;;;;X;;;;;;;;;;;;;;mcsl@ih.com.br;;;;;;;;;;;;;;
IMPERIAL AR;;;X;X;;;;;;;;;;;;;;tiagodf20092009@hotmail.com;;;;;;;;;;;;;;
IMPRIMINDO;;;X;;;;;;;;;X;;X;;X;;imprimindo.contato@gmail.com;;;;;;;;;;;;;;
IMPRIMINDO - KARLA;;;X;;;;;;;;;X;;X;;X;;karla.vendas3@gmail.com;;;;;;;;;;;;;;
INDUMED;;;;;;;;;;;;X;;;;;;edi@indumed.com.br;;;;;;;;;;;;;;
INFINITY PHARMA;;;;;;;;;X;X;X;X;;;;;;comercial@infinitypharmadf.com.br;;;;;;;;;;;;;;
INOCSOM;;;;X;;;;;;;;;;;;;;contato@inocsom.com.br;;;;;;;;;;;;;;
INSIGHT MED;;X;;;;;;;;;;;;;;;;vendas@insightmedgo.com;;;;;;;;;;;;;;
INSIGHT MED - Leticia;;X;;;;;;;;;;;;;;;;vendas@insightmedgo.com;;;;;;;;;;;;;;
INTERDENTAL;;;;;;;;;;;;;X;;;;;interdental@netsite.com.br;;;;;;;;;;;;;;
ISP SAUDE;;;;;;;;;;;;X;;;;;;michaelsilveira@ispsaude.com.br;;;;;;;;;;;;;;
ITATIAIA ATACADISTA;;;X;;;;;;;;;;;;;;;licitacao@itatiaiaatacadista.com.br;;;;;;;;;;;;;;
ITAUAR REFRIGERAÇÃO;;;X;X;;;;;;;;;;;;;;itauar.refrigeracao@gmail.com;;;;;;;;;;;;;;
ITS FACILITIE;;X;X;X;;;;X;X;X;;;;X;;;X;tmartinh@its.jnj.com;;;;;;;;;;;;;;
ITS FACILITIE;;X;X;X;;;;X;X;X;;;;X;;;X;itsservicosgerais@gmail.com;;;;;;;;;;;;;;
JA COMERCIAL;;;;;;;;X;X;;X;X;;;;;;jacomercialdf@hotmail.com;;;;;;;;;;;;;;
JD PAPELARIA;;;X;;;;;;;;;;;X;;;;comercialrio2@hotmail.com;;;;;;;;;;;;;;
JJT AMARAL;;;;;;;;;X;;X;X;;;;;;jacksonjohnamaral@gmail.com;;;;;;;;;;;;;;
JN MAQUINAS;;;;X;;;;;;;;;;;;;;jnmaquinasdf@gmail.com;;;;;;;;;;;;;;
JOÃO MED;;;;;;;;;;;X;X;;;;;;vendas12@joaomed.com.br;;;;;;;;;;;;;;
JR LACERDA;;;;;;;;;;;;X;;;;;;vendasjrlacerda@outlook.com;;;;;;;;;;;;;;
KADU DEDETIZADORA;;;;;;;;;;;;;;;;;X;kadudedetizadora@hotmail.com;;;;;;;;;;;;;;
KOLPLAST - SUSANA;;;;;;;;;;;;X;;;;;;anapaula.oliveira@kolplast.com.br;;;;;;;;;;;;;;
KOMPAZO - FERNANDO;;;;X;;;;X;;;;X;;;;;;fernando@kompazosaude.com.br;;;;;;;;;;;;;;
KONICA;;;;X;;;;;;;;;;;;;;thays.passos@konicaminolta.com;;;;;;;;;;;;;;
KT EQUIPAMENTOS;;;X;;;;;;;;;;;;;;;vendas5@ktequipamentos.com.br;;;;;;;;;;;;;;
L.M. LADEIRA;;;;;;;;;;;;;X;;;;;luket@luket.com.br;;;;;;;;;;;;;;
LABINBRAZ - Wiener;;;;;;;;;X;;;;;;;;;adriana.exec@gmail.com;;;;;;;;;;;;;;
LABINBRAZ - Wiener;;;;;;;;;X;;;;;;;;;celsogastaldo@wiener-lab.com.br;;;;;;;;;;;;;;
LABINBRAZ - Wiener;;;;;;;;;X;;;;;;;;;carlosglaser@wiener-lab.com.br;;;;;;;;;;;;;;
LABINBRAZ - Wiener;;;;;;;;;X;;;;;;;;;mariatereza@wiener-lab.com.br;;;;;;;;;;;;;;
LABINBRAZ - Wiener;;;;;;;;;X;;;;;;;;;seblazaro@gmail.com;;;;;;;;;;;;;;
LABINBRAZ - Wiener;;;;;;;;;X;;;;;;;;;licitacoes@wiener-lab.com.br;;;;;;;;;;;;;;
LABINBRAZ - Wiener;;;;;;;;;X;;;;;;;;;pedidos@wiener-lab.com.br;;;;;;;;;;;;;;
LABINBRAZ - Wiener;;;;;;;;;X;;;;;;;;;joeldson.wiener@outlook.com;;;;;;;;;;;;;;
LABORATÓRIO - HRSM;;X;;;;;;;X;;;;;;;;;npc.hrsm@saude.df.gov.br;;;;;;;;;;;;;;
LABS;;;;X;;;;;X;;X;X;X;;;;;comercial@labsdist.com;;;;;;;;;;;;;;
LABS 2;;;;X;;;;;X;;X;X;X;;;;;atendimento@labsdist.com;;;;;;;;;;;;;;
LARISSA - Casa da Construção;;;X;;;;;;;;;;;;;;;casadaconstrucao2014@hotmail.com;;;;;;;;;;;;;;
LASER;;;;X;;;;;;;;;;;;;;contato.laser@gmail.com;;;;;;;;;;;;;;
LAYETTE CODE;;;;;;;;;;X;;X;;;;;;layettecodevendas1@gmail.com;;;;;;;;;;;;;;
LEANDRO;;;;;;X;;;;;;;;;;;;leandroamorim.1982@gmail.com;;;;;;;;;;;;;;
LIFE FARMA;;;;;;;;;;;X;X;;;;;;lifefarmacentral@gmail.com;;;;;;;;;;;;;;
LIFE FARMA - STENIO;;;;;;;;;;;X;X;;;;;;tavares.stenio@hotmail.com;;;;;;;;;;;;;;
LIFEMED - ALEX;;;;;;;;;;;;X;;;;;;alex.mazzini@lifemed.com.br;;;;;;;;;;;;;;
LIFEMED - BEATRIZ;;;;;;;;;;;;X;;;;;;beatriz.bernardo@lifemed.com.br;;;;;;;;;;;;;;
LIFEMED - JULIANE;;X;;;;;;;;;;;;;;;;julliane.mourao@lifemed.com.br;;;;;;;;;;;;;;
LIFETRONIK;;;;;;;;;;;;X;;;;;;cotacao@lifetronikmedical.com.br;;;;;;;;;;;;;;
LIMP BEM;;;;;;;;;;X;;;;;;;;limpbemdf@gmail.com;;;;;;;;;;;;;;
LM COMUNICAÇÃO;X;;;;;;;;;;;;;;;;;vendas@lmcomunicacaodf.com.br;;;;;;;;;;;;;;
LM FARMA 1;;;;;;;;;;;;X;;;;;;J.SANTOS@BR.URGO.COM;;;;;;;;;;;;;;
LM FARMA 2;;;;;;;;;;;;X;;;;;;a.machado@br.urgo.com;;;;;;;;;;;;;;
LM FARMA 3;;;;;;;;;;;;X;;;;;;a.viana@br.urgo.com;;;;;;;;;;;;;;
LOTUS;;;;;;;;X;;;;X;X;;;;;vendaspdpaslottusmed@gmail.com;;;;;;;;;;;;;;
LUZ.COM;;;X;;;;;;;;;;;;;;;luzcom1@gmail.com;;;;;;;;;;;;;;
MACOM;;;;;;;;X;;;;;;;;;;macom@macominstrumental.com.br;;;;;;;;;;;;;;
MACOM - DENILSON;;;;;;;;X;;;;;;;;;;denilson@macominstrumental.com.br;;;;;;;;;;;;;;
MACOM - JAILSON;;;;;;;;;;;;;;;;;;jailson@macominstrumental.com.br;;;;;;;;;;;;;;
MACRO ENGENHARIA;;;X;;;;;;;;;;;;;;;welmaduraes@macropisos.com.br;;;;;;;;;;;;;;
MADRE;;;;;;;;;;;;X;;;;;;contato@madrenet.com.br;;;;;;;;;;;;;;
MAFRA;;X;;;;;;;;;;;;;;;;renata_mafra@terra.com.br;;;;;;;;;;;;;;
MAFRA - FACOS;;;;;;;;;X;;X;X;;;;;;facos.moura@mafrahospitalar.com.br;;;;;;;;;;;;;;
MAFRA - GIOVANA;;;;;;;;;X;;X;X;;;;;;giovana.moraes@mafrahospitalar.com.br;;;;;;;;;;;;;;
MAFRA - WESLEI;;;;;;;;;X;;X;X;;;;;;weslei.pedersoli@mafrahospitalar.com.br;;;;;;;;;;;;;;
MAIS Soluções;;;X;;;;;;;;;;;;;;;maissolucoesdf@hotmail.com;;;;;;;;;;;;;;
MAKE LINE;;;;;;;;;;;;X;;;;;;licitacao@makeline.com.br;;;;;;;;;;;;;;
MANUTEC;;;;X;;;;;;;;;;;;;;manutec.solucoes@yahoo.com.br;;;;;;;;;;;;;;
MANUTENÇÃO - HRSM;;X;;;;;;;;;;;;;;;;MANUTENCAO.HRSM@gmail.com;;;;;;;;;;;;;;
MARK FREEZER;;;;X;;;;;;;;;;;;;;makfreezer.licita@gmail.com;;;;;;;;;;;;;;
MARTINS - FABIO;;;;;;;;X;X;X;X;X;X;;;;;vendas01@martinsdistlog.com.br;;;;;;;;;;;;;;
MASTER DISTRIBUIDORA;;;X;X;;;;X;X;X;X;X;X;X;X;;;adm.masterdistribuidora@gmail.com;;;;;;;;;;;;;;
MASTER DISTRIBUIDORA;;;X;X;;;;X;X;X;X;X;X;X;X;;;vendas.masterdist@gmail.com;;;;;;;;;;;;;;
MASTER MED;;;X;;;;;X;;X;X;X;X;;;;;livia.comercial01@gmail.com;;;;;;;;;;;;;;
MAXIMA DENTAL;;;;;;;;;;;;;X;;;;;maximadental@licitacoes.londrina.br;;;;;;;;;;;;;;
MAYCARE;;;;X;X;;;X;;;;;;;;;;patricia@maycare.com.br;;;;;;;;;;;;;;
MAZIMUS - DIOGO;;X;;;;;;;;;;;;;;;;diogo@adeng.com.br;;;;;;;;;;;;;;
MAZIMUS - JORGE;;X;;;;;;;;;;;;;;;;jorge@adeng.com.br;;;;;;;;;;;;;;
MAZIMUS - LINDAURA;;X;;;;;;;;;;;;;;;;lindaura@adeng.com.br;;;;;;;;;;;;;;
MAZZIMUS;;;;X;;;;;;;;;;;;;;lindaura@mazimus.com.br ;;;;;;;;;;;;;;
MB TEXTIL CIRUMEX;;;;;;;;;;X;;X;;;;;;flavio.vendas@mbtextil.com.br;;;;;;;;;;;;;;
MED VITTA;;;;;;;;;;;X;X;;;;;;vendas18@medvittadist.com.br;;;;;;;;;;;;;;
MED VITTA - ALINE;;;;;;;;;;;X;X;;;;;;vendas17@medvittadist.com.br;;;;;;;;;;;;;;
MEDCAM;X;;;;;;;X;X;X;;X;X;;;X;;medcamdf@gmail.com;;;;;;;;;;;;;;
MEDCOM - ANDREA;;;;;;;;;;;;;;;;;;andrea.jesus@distribuidoramedcom.com.br;;;;;;;;;;;;;;
MEDCOM - FELIPE;;;;;;;;;;;;;;;;;;felipe.moura@distribuidoramedcom.com.br;;;;;;;;;;;;;;
MEDCOM - THAIS;;;;;;;;;;;;;;;;;;thais.silva@distribuidoramedcom.com.br;;;;;;;;;;;;;;
MEDCOMERCE;;x;;;;;;;;;;;;;;;;licitacao@medcomerce.com.br;;;;;;;;;;;;;;
MEDCOMERCE;;X;;;;;;;;;;;;;;;;licitacaobsb@medcomerce.com.br;;;;;;;;;;;;;;
MEDCOMERCE - NUBIA;;X;;;;;;;;;;;;;;;;nubia.almeida@medcomerce.com.br;;;;;;;;;;;;;;
MEDCOMERCE - VITORIA;;X;;;;;;;;;;;;;;;;vitoria.sa@medcomerce.com.br;;;;;;;;;;;;;;
MEDCOMERCE - WILLIAN;;;;;;;;;;;X;X;;;;;;william.brasilia@gmail.com;;;;;;;;;;;;;;
MEDCORP;;X;;;;;;;;;;;;;;;;rvieira@medcorp.com.br;;;;;;;;;;;;;;
MEDCORP 2;;X;;;;;;;;;;;;;;;;rnobre@medcorp.com.br;;;;;;;;;;;;;;
MEDCORP 3;;X;;;;;;;;;;;;;;;;aaraujo@medcorp.com.br;;;;;;;;;;;;;;
MEDIC;;;;X;;;;;;;;X;;;;;;medic.vitall@gmail.com;;;;;;;;;;;;;;
MEDICA PRO;;;;;;;;;;;;X;;;;;;medicapro@medicapro.com.br;;;;;;;;;;;;;;
MEDICAL INNOVATION;;X;;;;;;;;;;;;;;;;executivo.mi@terra.com.br;;;;;;;;;;;;;;
MEDICAL INNOVATION - EDUARDA;;;;X;;;;;;;;X;;;;;;comercial@medicalinnovation.com.br;;;;;;;;;;;;;;
MEDICAL INNOVATION - GILDA;;X;;;;;;;;;;;;;;;;gilda.vendas@terra.com.br;;;;;;;;;;;;;;
MEDICAL INNOVATION - LAURO;;;;X;;;;;;;;;;;;;;lauromnm@gmail.com;;;;;;;;;;;;;;
MEDICAL PEÇAS;;;;X;;;;;;;;;;;;;;medicalpecas@hotmail.com;;;;;;;;;;;;;;
MEDICAL SHOP;;X;;;;;;;;;;;;;;;;medicalshop_ronaldo@terra.com.br;;;;;;;;;;;;;;
MEDICAL TECH;;;;X;;;;;;;;X;;;;;;medicaltech.vendas@hotmail.com;;;;;;;;;;;;;;
MEDICALMED;;;;;;;;;;;;;;;;;;comercial@medicalmed.com.br;;;;;;;;;;;;;;
MEDICALSHOPDF;;X;;;;;;;;;;;;;;;;deber@medicalshopdf.com.br;;;;;;;;;;;;;;
MEDICALSHOPDF2;;X;;;;;;;;;;;;;;;;ronaldo@medicalshopdf.com.br;;;;;;;;;;;;;;
MEDICINDF;;;;X;;;;;;;;;;;;;;medicindf@gmail.com;;;;;;;;;;;;;;
MEDIMAC;;;;;;;;;;;;X;;;;;;licitacao@medimac.com.br;;;;;;;;;;;;;;
MEDITEQ;;;;;;;;;;;;X;;;;;;COMERCIAL@MEDITEQ.COM.BR;;;;;;;;;;;;;;
MEDKONBRASILIA;;;;X;;;;;;;;;;;;;;MEDKONBRASILIA@HOTMAIL.COM;;;;;;;;;;;;;;
MEDLINN - ADMILTON;;;;;;;;;;;;X;;;;;;ademilton.dantas@gmail.com;;;;;;;;;;;;;;
MEDLINN - COMERCIAL;;;;;;;;;;;;X;;;;;;comercial@medlinn.com.br;;;;;;;;;;;;;;
MEDLINN - JOMARIO;;;;;;;;;;;;X;;;;;;LICITACOES@MEDLINN.COM.BR;;;;;;;;;;;;;;
MEDLINN - MATHEUS;;;;;;;;;;;;X;;;;;;vendas4@medlinn.com.br;;;;;;;;;;;;;;
MEDLINN - VENDAS;;;;;;;;;;;;X;;;;;;vendas01@medlinn.com.br;;;;;;;;;;;;;;
MEDLIVE;;;;;;;;;X;;X;X;X;;;;;compradireta@medlive.com.br;;;;;;;;;;;;;;
MEDLIVE;;;;;;;;;X;;X;X;X;;;;;cnunes@medlive.com.br;;;;;;;;;;;;;;
MEDLIVE;;;;;;;;;X;;X;X;X;;;;;chermes@medlive.com.br;;;;;;;;;;;;;;
MEDLIVE - FERNANDA;;;;;;;;;X;;X;X;X;;;;;fmorinel@medlive.com.br;;;;;;;;;;;;;;
MEDLIVE - NAYARA;;;;;;;;;X;;X;X;X;;;;;pgervasoni@medlive.com.br;;;;;;;;;;;;;;
MEDSELL;;;;X;;;;;;;;;;;;;;leandro.medsell@gmail.com;;;;;;;;;;;;;;
MEDSONDA;;;;;;;;;;;;X;;;;;;jotaray@gmail.com;;;;;;;;;;;;;;
MEDSONDA 2;;;;;;;;;;;;X;;;;;;licitacoes2@medsonda.com.br;;;;;;;;;;;;;;
MEDSTAR;;;;;;;;;;;X;X;;;;;;mesdstar.vendas@gmail.com;;;;;;;;;;;;;;
MEDTEC;;;;X;;;;;;;;X;;;;;;silvio@medtecnet.com.br;;;;;;;;;;;;;;
MEDTECNET;;;;X;;;;;;;;;;;;;;pythagoras@medtecnet.com.br;;;;;;;;;;;;;;
MERCANTIL ARAGUAIA;;X;;;;;;;;;;;;;;;;mercantilaraguaia@terra.com.br;;;;;;;;;;;;;;
META COMERCIAL;;;;;;;;;;X;;;;;;;;silvanarochalima@hotmail.com;;;;;;;;;;;;;;
METHABIO;;;;;;;;;X;;X;X;;;;;;comercial@methabio.com.br;;;;;;;;;;;;;;
METHABIO - DEIVID;;;;;;;;;X;;X;X;;;;;;deivid@methabio.com.br;;;;;;;;;;;;;;
METHABIO - VERONICA;;;;;;;;;X;;X;X;;;;;;empenhos@methabio.com.br;;;;;;;;;;;;;;
METHABIO - waunner;;;;;;;;;X;;X;X;;;;;;waunner@methabio.com.br;;;;;;;;;;;;;;
METRÓPOLE;;X;;;;;;;;;;;;;;;;mauricio@metropolehospitalar.com.br;;;;;;;;;;;;;;
MF Hospitalar;;X;;;;;;;;;;;;;;;;comercial@mfhospitalar.com.br;;;;;;;;;;;;;;
MF HOSPITALAR - LUIZ;;X;;;;;;;;;;;;;;;;luiz.oliveira@mfhospitalar.com.br;;;;;;;;;;;;;;
MF Hospitalar 2;;;;;;;;;;;;X;;;;;;vendas3388@gmail.com;;;;;;;;;;;;;;
MG DIAGNOSTICA;;;;;;;;;X;X;X;;;;;;;mgdiagnosticadadf@gmail.com;;;;;;;;;;;;;;
MI;;X;;;;;;;;;;;;;;;;diretoria.mi@terra.com.br;;;;;;;;;;;;;;
MI;;x;;;;;;;;;;;;;;;;vendas.mi@terra.com.br;;;;;;;;;;;;;;
MICROLASER;;;;X;;;;;;;;;;;;;;contato@microlaser-go.com.br;;;;;;;;;;;;;;
MICROMEDICAL;;;;X;;;;;;;;X;;;;;;licitacao@micromedicalsaude.com.br;;;;;;;;;;;;;;
MICROSCOPIA RIBEIRO;;;;X;;;;;;;;;;;;;;microscopiaribeiro2018@gmail.com;;;;;;;;;;;;;;
MICROSCOPIA RIBEIRO 2;;;;X;;;;;;;;;;;;;;micomercioltda@gmail.com;;;;;;;;;;;;;;
MINASREY;;;;;;;;;;;;X;;;;;;gsouzat28@gmail.com;;;;;;;;;;;;;;
MISSNER;;;;;;;;;;;;X;;;;;;representacoesdf@yahoo.com.br;;;;;;;;;;;;;;
MISSNER 2;;;;;;;;;;;;X;;;;;;jcxmedicamentos@gmail.com;;;;;;;;;;;;;;
MJCR;;;;X;;;;X;;;;X;;;;;;mjcr.empresa@gmail.com;;;;;;;;;;;;;;
MONTEGGIA - Escovas;;;;X;;;;X;;;;X;;;;;;comercial@monteggia.com.br;;;;;;;;;;;;;;
MPM PLASTIC;;;;;;;;;;;;X;;;;;;vendas@lwmplastic.com.br;;;;;;;;;;;;;;
MS HOSPITALAR;X;;X;X;;;;X;X;X;X;X;X;X;;X;;silvanarochalima@hotmail.com;;;;;;;;;;;;;;
MS HOSPITALAR;;;;X;;;;;;;;;;;;;;Mshospitalarlicitacao@gmail.com;;;;;;;;;;;;;;
MULTICANAL;;;X;X;;;;X;X;X;;X;X;X;X;X;;luizescuro@gmail.com;;;;;;;;;;;;;;
MULTIPLA;;;;;;;;;;;X;X;;;;;;comercial@multiplahospitalar.com.br;;;;;;;;;;;;;;
MULT-ITENS;;;X;;;;;;;;;;;X;;;;samueldemoraescosta@gmail.com;;;;;;;;;;;;;;
MULTMED;;;;X;;;;;;;;;;;;;;multmed96@gmail.com;;;;;;;;;;;;;;
MUNDO DOS COUROS;;;X;;;;;;;;;;;;;;;mundocouros@gmail.com;;;;;;;;;;;;;;
NEFILINS DF (RAMIRO);X;X;X;X;;;X;X;X;X;X;X;X;X;X;X;X;nefilinsdf@gmail.com;;;;;;;;;;;;;;
NEFROLOGIA - HRSM;;X;;;;;;;;;;;;;;;;cm.nefrohrsm@gmail.com;;;;;;;;;;;;;;
NEOCLEAN;;;;X;;;;X;X;X;;X;;;;;;larijs@outook.com;;;;;;;;;;;;;;
NEOMED;;x;;;;;;;;;;;;;;;;thuane.melo@neomed.bio.br;;;;;;;;;;;;;;
NEOMED;;;;;;;;;;;;X;;;;;;cotacoes@neomed.bio.br;;;;;;;;;;;;;;
NEW DESC;;;;;;;;;;;;X;;;;;;nlph@hotmail.com;;;;;;;;;;;;;;
NOVA ELÉTRICA;;;X;X;;;;;;;;;;;;;;novaeletricacircuito@gmail.com;;;;;;;;;;;;;;
NOVAGOIAS;;;;X;;;;;;;;;;;;;;novagoias.df@gmail.com;;;;;;;;;;;;;;
NOVALUZ;;;X;;;;;;;;;;;;;;;novaluzeletricahidraulica@gmail.com;;;;;;;;;;;;;;
NR GOIAS / NR HOSPITALAR;;;;;;;;X;;X;X;X;;X;;;;comercial.nrgoias@gmail.com;;;;;;;;;;;;;;
NR GOIAS / NR HOSPITALAR;;X;;;;;;;;;;;;;;;;cotacao.pdpas@nrindustria.com.br;;;;;;;;;;;;;;
NR GOIAS / NR HOSPITALAR - FILIAL;;;;;;;;X;;X;X;X;;X;;;;cotacao.nrfilial@gmail.com;;;;;;;;;;;;;;
OCTALAB;;;;;;;;;;;X;;;;;;;vendasoctalab@hotmail.com;;;;;;;;;;;;;;
ODONTO LIMA LTDA;;;;;;;;;;;;;X;;;;;odontolimaltda@hotmail.com;;;;;;;;;;;;;;
ODONTO MÉDICA PLANALTO;;;;;;;;;;;;;X;;;;;omplanalto@gmail.com;;;;;;;;;;;;;;
ODONTO MEDICA RIO VERDE;;;;;;;;;;;;;X;;;;;assitec@odontomedicarioverde.com.br;;;;;;;;;;;;;;
ODONTO QUINELATO;;;;;;;;;;;;;X;;;;;odonto@quinelato.com.br;;;;;;;;;;;;;;
ODONTOSTO;;;;;;;;;;;;;X;;;;;comercialodontosto@uol.com.br;;;;;;;;;;;;;;
OI PAPELARIA;;;X;;;;;;;;;;;X;;;;evellyn.oipapelaria@gmail.com;;;;;;;;;;;;;;
OLIVERTEC;;;;;;;;;;;;X;;;;;;vendas2@olivertechospitalar.com.br;;;;;;;;;;;;;;
OLTEC - escovas;;X;;;;;;;;;;;;;;;;vendas@oltecmedical.com.br;;;;;;;;;;;;;;
OMNI;;;;;;;;;;X;X;X;;X;;X;X;licitacao@omnidf.com.br;;;;;;;;;;;;;;
OMNI - ALAOR;;;;;;;;;;X;X;X;;X;;X;X;alaorgomesneto@gmail.com;;;;;;;;;;;;;;
OREGON;;;;;;;;;;;X;X;;;;;;licitacao2@oregonfarmaceutica.com.br;;;;;;;;;;;;;;
ORION;;;;;;;;X;;X;;X;;;;;;comercial@orionhc.com.br;;;;;;;;;;;;;;
ORION - Livia;;;;;;;;X;X;X;X;X;;;;;;liviadg82@gmail.com;;;;;;;;;;;;;;
ORTOP;;;;;;;;X;;;;;;;;;;vendasortop4@ortop.com.br;;;;;;;;;;;;;;
ORTOP - 2;;;;;;;;X;;;;;;;;;;vendasortop2@ortop.com.br;;;;;;;;;;;;;;
ORTOP - ROGERIO;;;;;;;;X;;;;;;;;;;rogerioadm@ortop.com.br;;;;;;;;;;;;;;
OXYMASTER;;;;X;;;X;;;X;X;X;;;;;;oxymasterdf@gmail.com;;;;;;;;;;;;;;
PAPELARIA FARAGO;;;;;;;;;;;;;;X;;;;anilson.ramos2@gmail.com;;;;;;;;;;;;;;
PAPELARIA LÍDER;;;;;;;;;;;;;;X;;;;liderpapelaria@gmail.com;;;;;;;;;;;;;;
PCL;;;;;;;;;;;;;;X;;X;;vendas.pcltecnologia@gmail.com;;;;;;;;;;;;;;
PEDAGOGICA;;;;X;;;;;;;;;;;;;;pedagogica.com@gmail.com;;;;;;;;;;;;;;
PEDRÃO DEDETIZAÇÃO;;;;;;;;;;;;;;;;;X;pedraodedetização@gmail.com;;;;;;;;;;;;;;
PERFIL HOSPITALAR;X;;X;X;;;;X;X;X;X;X;X;X;;X;;silvanarochalima@hotmail.com;;;;;;;;;;;;;;
PHARMAC - CAROLINA;;;;;;;;;;;X;;;;;;;carolina.pharmac@gmail.com;;;;;;;;;;;;;;
PHARMAC - KELVIA;;;;;;;;;;;X;;;;;;;kelvia.mansur@hotmail.com;;;;;;;;;;;;;;
PHARMATEX;;;;X;;;;X;;;;X;X;;;;;josemar@pharmatex.com.br;;;;;;;;;;;;;;
PHARMATEX 2;;;;X;;;;X;;;;X;X;;;;;comercial@pharmatex.com.br;;;;;;;;;;;;;;
PHARMATEX 3;;;;X;;;;X;;;;X;X;;;;;comercial3@pharmatex.com.br;;;;;;;;;;;;;;
PHARMATEX 4;;;;X;;;;X;;;;X;X;;;;;vendas4@pharmatex.com.br;;;;;;;;;;;;;;
PHARMÉDICE;;;;;;;;;;;X;;;;;;;licitacoes@pharmedice.com.br;;;;;;;;;;;;;;
PHARMÉDICE - Rodrigo;;;;;;;;;;;X;;;;;;;atendimento7@pharmedice.com.br;;;;;;;;;;;;;;
PHILIPS;;;;X;;;;;;;;;;;;;;yure.oliveira@philips.com;;;;;;;;;;;;;;
PHILIPS;;;;X;;;;;;;;;;;;;;orcamentos.cs@philips.com;;;;;;;;;;;;;;
PHITOS;;;;;;;;;X;;;X;;;;;;vendas@phitosdobrasil.com.br;;;;;;;;;;;;;;
PHITOS 2;;;;;;;;;X;;;X;;;;;;financeiro@phitosdobrasil.com.br;;;;;;;;;;;;;;
PLANTÃO MEDICAL;;;;;;;;;;;;X;;;;;;comercial@plantaomedical.med.br;;;;;;;;;;;;;;
PLAST LABOR - Claudia;;;;;;;;;X;;;;;;;;;claudia.nunes@plastlabor.com.br;;;;;;;;;;;;;;
PLAST LABOR - Robson;;;;;;;;;X;;;;;;;;;robson.araujo@plastlabor.com.br;;;;;;;;;;;;;;
PMH;;;;;;;;;X;;;X;;;;;;cotacao@pmh.com.br;;;;;;;;;;;;;;
PMH - ANNA;;;;;;;;;X;;;X;;;;;;anna.matos@pmh.com.br;;;;;;;;;;;;;;
PMH - CLAUDIA;;;;;;;;;X;;;X;;;;;;claudia.souza@pmh.com.br;;;;;;;;;;;;;;
PMH - FRANCISCO;;;;;;;;;X;;;X;;;;;;francisco.reis@pmh.com.br;;;;;;;;;;;;;;
PMH - LEDA;;;;;;;;;X;;;X;;;;;;leda.vidal@pmh.com.br;;;;;;;;;;;;;;
PMH - MONICA;;x;;;;;;;;;;;;;;;;monica.magalhaes@pmh.com.br;email eh rejeitado;;;;;;;;;;;;;
PMH - TEUNISIO;;;;;;;;;X;;;X;;;;;;teunisio.silva@pmh.com.br;;;;;;;;;;;;;;
POINT SUTURE;;;;;;;;;;;;X;;;;;;licitadoc@pointsuture.com.br;;;;;;;;;;;;;;
POINTER;;;;X;;;;;;;;X;;;;;;pointerhospitalar@gmail.com;;;;;;;;;;;;;;
POLARFIX;;;;;;;;;;;;X;;;;;;faturamentolicitacao@polarfix.com.br;;;;;;;;;;;;;;
POLARFIX 2;;;;;;;;;;;;X;;;;;;editais@polarfix.com.br;;;;;;;;;;;;;;
POLARFIX 3;;;;;;;;;;;;X;;;;;;pregao2@polarfix.com.br;;;;;;;;;;;;;;
PRADO SERVIÇOS TECNOLOGIA;;;X;X;;;;;;;;;;;;;;pradoservicotec@gmail.com;;;;;;;;;;;;;;
Premier Marcos Buritizal;;;;;;;;X;X;X;X;X;X;X;X;;;premiervendas01@hotmail.com;;;;;;;;;;;;;;
PREMIUM;;;;;;;;;X;;X;X;X;;;;;licitacao@premiumhosp.com.br;;;;;;;;;;;;;;
Prime Hospitalar;;;;;;;;X;;X;;X;X;;;;;compras.primedistribuidora@hotmail.com;;;;;;;;;;;;;;
PRIME INSTRUMENTOS;;;;;;;;X;;;;;;;;;;vendas1@primeinstrumentos.com.br;;;;;;;;;;;;;;
PRIMEIRA LINHA;;;X;;;;;;;;;;;;;;;vendas@1linha.com.br;;;;;;;;;;;;;;
PRIMEIRA LINHA;;;X;;;;;;;;;;;;;;;juliopuccinelli@1linha.com.br;;;;;;;;;;;;;;
PRIMEIRA LINHA - ANSELMO;;;X;;;;;;;;;;;;;;;anselmodepaula@1linha.com.br;;;;;;;;;;;;;;
PRINT MASTER;;;;;;;;;;;;X;;X;;;;printmaster.adm@gmail.com;;;;;;;;;;;;;;
PRÓ SAÚDE;;;;;;;;;X;;X;X;;;;;;vendasprosaude1@gmail.com;;;;;;;;;;;;;;
PRÓ SAÚDE - JAIRO;;;;;;;;;X;;X;X;;;;;;jairo.santos@prosaudedistribuidora.com.br;;;;;;;;;;;;;;
PROAGUA FILTROS;;;;X;;;;;;;;;;;;;;info@proaguafiltros.com.br;;;;;;;;;;;;;;
PRODOCTORASSISTENCIA;;;;X;;;;;;;;;;;;;;prodoctorassistencia@gmail.com;;;;;;;;;;;;;;
PROMEDH;;;;X;;;;;;;;;;;;;;sandra@promedh.com.br;;;;;;;;;;;;;;
PROMEDICAL - JULIANA;;;;X;;;;X;;;;X;;;;;;juliana@promedical.com.br;;;;;;;;;;;;;;
PROMEDICAL - ROSANA;;;;X;;;;X;;;;X;;;;;;rosana@promedical.com.br;;;;;;;;;;;;;;
PROSEK ;;X;;X;;;;;;;;;;;;;;falecom@prosek.com.br;;;;;;;;;;;;;;
PROSYSTEM;;X;;;;;;;;;;;;;;;;pauloalcantara@prosystemdf.com.br;;;;;;;;;;;;;;
PROSYSTEM 2;;X;;;;;;;;;;;;;;;;paulaoayres@prosystemdf.com.br;;;;;;;;;;;;;;
PROT-CAP;;;X;;;;;;;;;;;;;;;vendas@protcap.com.br;;;;;;;;;;;;;;
PROT-CAP - Edilaine;;;X;;;;;;;;;;;;;;;edilaine.soares@protcap.com.br;;;;;;;;;;;;;;
PROTEC - CARINA;;;;;;;;X;;;;X;;;;;;carina@protec.com.br;;;;;;;;;;;;;;
PROTEC - CRISLEIDE;;X;;;;;;;;;;;;;;;;crisleidesilva@protec.com.br;;;;;;;;;;;;;;
PROTEC - PRISCILA;;;;;;;;X;;;;;;;;;;priscilachagas@protec.com.br;;;;;;;;;;;;;;
PUBLICART;;;;;;;;;;;;;;X;;;;contato.publicart@gmail.com;;;;;;;;;;;;;;
PUBLICART 2;;;;;;;;;;;;;;X;;;;publicart.df@hotmail.com;;;;;;;;;;;;;;
QEEL QUIMICA;;;;;;;;;X;;;;;;;;;vendas2@qeelquimica.com.br;;;;;;;;;;;;;;
QMEDONLINE;;;;;;;;;;;;;;;;;;qmed@qmedonline.com.br;;;;;;;;;;;;;;
QMEDONLINE;;;;;;;;;;;;;;;;;;valdivino@qmedonline.com.br;;;;;;;;;;;;;;
Qualimed;;;;;;;;X;;;;;;;;;;vendas@qualimed.bio.br;;;;;;;;;;;;;;
RADION;;;;X;;;;;;;;;;;;;;radion@radion.com.br;;;;;;;;;;;;;;
RAPHAELA;;;;;;;;;;;;X;;;;;;raphaelarodrigues304@gmail.com;;;;;;;;;;;;;;
RAVA CAMILA;;X;;;;;;;;;;;;;;;;camila.samara@ravaembalagens.com.br;;;;;;;;;;;;;;
RAVA Embalagens;;;;;;;;;;;;X;;;;;;licitacao@ravaembalagens.com.br;;;;;;;;;;;;;;
RC REPRESENTAÇÕES - CLAUDIO;;;;;;;;X;X;X;X;X;X;X;X;;;claudio@rcvendas.com.br;;;;;;;;;;;;;;
RC REPRESENTAÇÕES - LUIZA;;;;;;;;X;X;X;X;X;X;X;X;;;luiza@rcvendas.com.br;;;;;;;;;;;;;;
RC REPRESENTAÇÕES - RODRIGO;;;;;;;;X;X;X;X;X;X;X;X;;;rodrigo@rcvendas.com.br;;;;;;;;;;;;;;
REALMED;;;;X;;;;;;;;;;;;;;vendashospitalar21@gmail.com;;;;;;;;;;;;;;
REMORA;;;;;;;;;;;X;X;X;;;;;vendasremora@hotmail.com;;;;;;;;;;;;;;
REMORA - JONATAS;;;;;;;;;;;;X;;;;;;jonatasvieiraassis@gmail.com;;;;;;;;;;;;;;
RENOVARE WD;;;;;;;;;;X;;;;;;;;thais@renovarewd.com.br;;;;;;;;;;;;;;
REOBOTE;;;;;;;;;;X;X;X;X;;;;;marcelovendas05@outlook.com;;;;;;;;;;;;;;
RGN - CONTATO;;;X;;;;;;;;;;;;;;;contato@contatopro.com.br;;;;;;;;;;;;;;
RHOSS;;;;;;;;X;;;;;;;;;;rhoss@rhoss.com.br;;;;;;;;;;;;;;
RHOSS 2;;;;;;;;X;;;;;;;;;;vendas@rhoss.com.br;;;;;;;;;;;;;;
RHOSSE;;;;;;;;X;;;;;;;;;;marcelo@rhosse.com.br;;;;;;;;;;;;;;
RIACHO TINTAS;;;X;;;;;;;;;;;;;;;VALPARAISO@RIACHOTINTAS.COM.BR;;;;;;;;;;;;;;
RIACHO TINTAS;;;X;;;;;;;;;;;;;;;vendasriachotintas@gmail.com;;;;;;;;;;;;;;
RIMTEC;;;;X;;;;;;;;;;;;;;rimtec@hotmail.com;;;;;;;;;;;;;;
RIMTEC;;;;X;;;;;;;;;;;;;;sac@rimtec.com.br;;;;;;;;;;;;;;
RIOCLARENSE - ADRIANA;;;;;;;;;;;X;X;;;;;;adriana.perinotto@rioclarense.com.br;;;;;;;;;;;;;;
RIOCLARENSE - ALAN;;;;;;;;;X;;X;X;;;;;;alan.porcel@rioclarense.com.br;;;;;;;;;;;;;;
RIOCLARENSE - CLAUDIO;;;;;;;;;;;X;X;;;;;;claudio@rcvendas.com.br;;;;;;;;;;;;;;
RIOCLARENSE - MAYARA;;;;;;;;;X;;X;X;;;;;;mayara.santos@rioclarense.com.br;;;;;;;;;;;;;;
RIOCLARENSE - RAFAELA;;;;;;;;;X;;X;X;;;;;;rafaela.arruda@rioclarense.com.br;;;;;;;;;;;;;;
RIOQUIMICA - ALFENO;;;;;;;;;X;;;X;X;;;;;alfeno@hotmail.com;;;;;;;;;;;;;;
RIOQUIMICA - JOYCE;;;;;;;;;X;;;X;X;;;;;joycedipaula@yahoo.com.br;;;;;;;;;;;;;;
RKM ASSISTÊNCIA;;;;X;;;;;;;;;;;;;;rkmassistencia@gmail.com;;;;;;;;;;;;;;
RKM INSTALAÇÃO;;;;X;;;;;;;;;;;;;;rkminstalacao@terra.com.br;;;;;;;;;;;;;;
RKP;;;;X;;;;;;;;;;;;;;samira@rkpengenharia.com.br;;;;;;;;;;;;;;
RQ TECNOLOGIA;X;;;;;;;;;;;;;X;;X;;vendas14@rqtecnologia.com.br;;;;;;;;;;;;;;
RRX;;;;;;;;;;;;;;;X;;;vendas6@rxhospitalar.com.br;;;;;;;;;;;;;;
RRX;;;;;;;;;;;;;;;X;;;opme@rxhospitalar.com.br;;;;;;;;;;;;;;
RT COMERCIO;;;;;;;;;;;;X;;X;;;;vendasrt3@gmail.com;;;;;;;;;;;;;;
RV GRÁFICA;X;;;;;;;;;;;;;X;;X;;rvgraficabsb@gmail.com;;;;;;;;;;;;;;
RV GRAFICA - SIMONE;;;;;;;;;;;;;;X;;X;;001simone@gmail.com;;;;;;;;;;;;;;
SABIE;;;;;;;;;;X;;;;;;;;vendas1@sabie.com.br;;;;;;;;;;;;;;
SABIE 3;;;;;;;;;;X;;;;;;;;vendas3@sabie.com.br;;;;;;;;;;;;;;
SANTE;;;;;;;;X;X;;X;X;X;;X;;;carolina.menezes@gruposante.com.br;;;;;;;;;;;;;;
SANTE 2;;;;;;;;X;X;;X;X;X;;X;;;licitacao@gruposante.com.br;;;;;;;;;;;;;;
SANTE 3;;;;;;;;X;X;;X;X;X;;X;;;narcelio@santehospitalar.com.br;;;;;;;;;;;;;;
São Bernardo;;;;X;;;;;;;;;;;;;;daniel@saobernardodf.com.br;;;;;;;;;;;;;;
SÃO BERNARDO;;;;X;;;;;;;;;;;;;;claudiney@saobernardodf.com.br;;;;;;;;;;;;;;
SÃO BERNARDO 2;;;;X;;;;;;;;;;;;;;contato@saobernardodf.com.br;;;;;;;;;;;;;;
SATELITE DEDETIZADORA;;;;;;;;;;;;;;;;;X;satelitededetizadora@hotmail.com;;;;;;;;;;;;;;
SAÚDE COMÉRCIO;;;;;;;;;;;;X;;;X;;;saudedf@uol.com.br;;;;;;;;;;;;;;
SEGLINE;;X;;;;;;;;;;;;;;;;contato@seglinetecnologia.com.br;;;;;;;;;;;;;;
SEMED;;;X;X;;;;;;;;;;;;;;semedequipamentos@gmail.com;;;;;;;;;;;;;;
SEMPRE;;;;;;;;;;;X;X;;;;;;semprehospitalarmarques@outlook.com;;;;;;;;;;;;;;
SEMPRE;;;;;;;;;;;X;X;;;;;;semprehospitalar.farmaceutica@gmail.com;;;;;;;;;;;;;;
SERCOMTEL;;;;X;;;;;;;;;;;;;;j.s@sercomtel.com.br;;;;;;;;;;;;;;
SERCOMTEL;;;;X;;;;;;;;;;;;;;sirleimaia@sercomtel.com.br;;;;;;;;;;;;;;
SERVICOS;;;;X;;;;;;;;;;;;;;armandopombo@gmail.com;;;;;;;;;;;;;;
SERVICOS;;;;X;;;;;;;;;;;;;;assistenciamanutec@hotmail.com;;;;;;;;;;;;;;
SERVICOS;;X;;;;;;;;;;;;;;;;assistenciamanutec@ig.com.br;;;;;;;;;;;;;;
SERVICOS;;;;X;;;;;;;;;;;;;;brunobarretobh@hotmail.com;;;;;;;;;;;;;;
SERVICOS;;;;X;;;;;;;;;;;;;;gsm.g4@hotmail.com;;;;;;;;;;;;;;
SERVICOS;;;;X;;;;;;;;;;;;;;jodef1@yahoo.com.br;;;;;;;;;;;;;;
SERVICOS;;;;X;;;;;;;;;;;;;;joseadelson@uol.com.br;;;;;;;;;;;;;;
SERVICOS;;;;X;;;;;;;;;;;;;;ronaldosamya@gmail.com;;;;;;;;;;;;;;
SERVICOS;;X;;;;;;;;;;;;;;;;ronibarrada@ig.com.br;;;;;;;;;;;;;;
SERVICOS;;X;;;;;;;;;;;;;;;;s.hamilton@ig.com.br;;;;;;;;;;;;;;
SERVICOS;;;;X;;;;;;;;;;;;;;luizpereira63@gmail.com;;;;;;;;;;;;;;
SERVICOS;;;;X;;;;;;;;;;;;;;jdlumafer@gmail.com;;;;;;;;;;;;;;
SG DISTRIBUIDORA;;;;;;;;X;;;;X;;;;;;sg@sgdistribuidorahospitalar.com.br;;;;;;;;;;;;;;
SG DISTRIBUIDORA - SIDNEY;;;;;;;;;X;;X;X;X;X;;;;sidney@sgdistribuidorahospitalar.com.br;;;;;;;;;;;;;;
SHALON;;;;;X;;;;;;;;;;;;;licitacao@suturas.com.br;;;;;;;;;;;;;;
SHALON - LEILA;;;;;X;;;;;;;;;;;;;limaleila@hotmail.com;;;;;;;;;;;;;;
SHALON - RT;;;;;X;;;;;;;;;;;;;rt1@suturas.com.br;;;;;;;;;;;;;;
SHOPPING DO ALUNO - RISK;;;;;;;;;;;;;;X;;;;vendas@papelariarisk.com.br;;;;;;;;;;;;;;
SHOPPING DO ALUNO - RISK;;;;;;;;;;;;;;X;;;;escritorio@papelariarisk.com.br;;;;;;;;;;;;;;
SIEMENS;;;;X;;;;;;;;;;;;;;licitacoes.br@siemens-healthineers.com;;;;;;;;;;;;;;
SISPACK;;;;X;;;;X;X;X;;X;;;;;;vendas.suporte@sispack.com.br;;;;;;;;;;;;;;
SITEC MEDICAL;;;;X;;;;;;;;;;;;;;sitecmedical@hotmail.com;;;;;;;;;;;;;;
SÓ QUIMICA;;x;;;;;;;;;;;;;;;;beto@gruposoquimica.com.br;;;;;;;;;;;;;;
SÓ QUIMICA - Adriano;;;;;;;;;;;X;X;;;;;;adriano.alfaiate@gruposoquimica.com.br;;;;;;;;;;;;;;
SOL MILLENNIUM;;;;;;;;;;;;X;;;;;;contato@solmillennium.com;;;;;;;;;;;;;;
SOLUÇÃO EPI;;;X;;;;;;;;;;;;;;;solucao.solucaoepi@gmail.com;;;;;;;;;;;;;;
SR - SALDANHA E RODRIGUES;;;;;;;;;;;;X;;;;;;representacoesdf@yahoo.com.br;;;;;;;;;;;;;;
STARTEC CIENTIFICA;;;X;X;;;;;;;;;;;;;;sac@startec.com.br;;;;;;;;;;;;;;
STJ;;;;X;;;;;;;;;;;;;;gilsonsantostj@hotmail.com;;;;;;;;;;;;;;
STRATTNER;;;;X;;;;;;;;;;;;;;m.socorro@strattner.com.br;;;;;;;;;;;;;;
STRATTNER;;;;X;;;;X;;;;X;;;;;;lorena.quariguasy@strattner.com.br;;;;;;;;;;;;;;
STRATTNER;;;;X;;;;X;;;;X;;;;;;natalia.amaral@strattner.com.br;;;;;;;;;;;;;;
SULMEDIC;;;;;;;;;;;X;;;;;;;comercial2@sulmedic.com;;;;;;;;;;;;;;
SUPERMEDICA - CAMILA;;;;;X;;;X;X;;X;X;X;;X;;;vendas09@supermedica.com.br;;;;;;;;;;;;;;
SUPERMEDICA - LARISSA;;;;;;;;X;X;;X;X;;;X;;;vendas03@supermedica.com.br;;;;;;;;;;;;;;
SUPERNTENDENDICA;;X;;;;;;;;;;;;;;;;srss.gab@gmail.com;;;;;;;;;;;;;;
SUTUPAR;;;;;;;;;;;X;X;;;;;;jeancarlonetto@gmail.com;;;;;;;;;;;;;;
SYNTHES - EDUARDO;;x;;;;;;;;;;;;;;;;quinelato.eduardo@synthes.com;;;;;;;;;;;;;;
SYNTHES - LETICIA;;;;;;;;X;;;;;;;;;;almeida.leticia@synthes.com;;;;;;;;;;;;;;
SYNTHES - SAC;;;;;;;;X;;;;;;;;;;sac.synthes@synthes.com;;;;;;;;;;;;;;
SYNTHES - SARAH;;;;;;;;X;;;;;;;;;;basso.sarah@synthes.com;;;;;;;;;;;;;;
TAMI PORTOFRIO;;;X;;;;;;;;;;;;;;;tami.porfirio@dimensional.com.br;;;;;;;;;;;;;;
TCA FARMA;;;;;;;;;;;X;X;;;;;;tca.cotacao@hotmail.com;;;;;;;;;;;;;;
TCA FARMA - Lilian;;;;;;;;;;;X;X;;;;;;tcafarma2018@gmail.com;;;;;;;;;;;;;;
TECMED;;;;X;;;;;;;;;;;;;;tecmed.assistencia@gmail.com;;;;;;;;;;;;;;
TECNEO;;;;X;;;;;;;;;;;;;;tecneo.eletronica@gmail.com;;;;;;;;;;;;;;
TECNO4;;;;X;;;;X;;;;X;;;;;;bianca.bueno@tecno4.com.br;;;;;;;;;;;;;;
TECNOMEDICA;;;;X;;;;;;;;;;;;;;tecnomedica@uol.com.br;;;;;;;;;;;;;;
TEKNAMED;;x;;;;;;;;;;;;;;;;joecilda@teknamed.com.br;;;;;;;;;;;;;;
TEKNIKA BIOMÉDICA - GOOGLE;;;;X;;;;;;;;;;;;;;atendimento@teknikabiomedica.com.br;;;;;;;;;;;;;;
TEXTIL MED;;;;;;;;;;X;;;;;;;;contato@textilmed.com.br;;;;;;;;;;;;;;
TIRADENTES;;;;X;;;;;;;;X;;;X;;;vendasbsb1@tiradentesnet.com.br;;;;;;;;;;;;;;
TIRADENTES;;;;X;;;;;;;;X;;;;;;vendas@tiradentesnet.com.br;;;;;;;;;;;;;;
TIRADENTES;;;;X;;;;;;;;X;;;;;;vendas@tiradentessaude.com.br;;;;;;;;;;;;;;
TIRADENTES;;;;X;;;;;;;;X;;;;;;diag_imagem2@tiradentessaude.com.br;;;;;;;;;;;;;;
TOP DESCARTÁVEIS;;;;;;;;;;;X;X;;;;;;admtopdescartaveis@gmail.com;;;;;;;;;;;;;;
TOPAZIO;;;;;;;;X;X;;X;X;X;;X;;;topazio45@hotmail.com;;;;;;;;;;;;;;
TOPMED;;;;;;;;;;;X;;;;;;;vendasgo2@topmedhospitalar.com.br;;;;;;;;;;;;;;
TOPMEDLAR - MARCILEIA;;;;;;;;;;;X;X;;;;;;marcileia.carvalho@grupotopmed.com.br;;;;;;;;;;;;;;
TOPMEDLAR - MARCILEIA;;;;;;;;;;;X;X;;;;;;maraiza.silva@grupotopmed.com.br;;;;;;;;;;;;;;
TORNEADORA J SANTOS;;;;X;;;;;;;;;;;;;;contato@torneadorajsantos.com.br;;;;;;;;;;;;;;
TOSHIBA MEDICAL;;;;X;;;;;;;;;;;;;;brasilia@toshibamedical.com.br;;;;;;;;;;;;;;
TOTAL FERRAGENS;;;X;;;;;;;;;;;;;;;totalferragens@hotmail.com;;;;;;;;;;;;;;
TRAUMA;;;;;;;;;;;;X;;;;;;traumasystem.med@gmail.com;;;;;;;;;;;;;;
TRIAC;;x;;;;;;;;;;;;;;;;TRIACCIENTICA@YAHOO.COM.BR;;;;;;;;;;;;;;
TRIAC CIENTIFICA;;x;;;;;;;;;;;;;;;;triaccientifica@yahoo.com.br;;;;;;;;;;;;;;
TRIAC ENGENHARIA;;;;X;;;;;;;;;;;;;;contato@triacengenharia.com.br;;;;;;;;;;;;;;
TSL;;;;;;;;;;;;X;;;;;;tsl.materiais@hotmail.com;;;;;;;;;;;;;;
UNIAO QUIMICA;;;;;;;;;;;X;;;;;;;faturamentolicitacoes@uniaoquimica.com.br;;;;;;;;;;;;;;
UNIAO QUIMICA - CAETANO;;;;;;;;;;;X;;;;;;;kcaetano@uniaoquimica.com.br;;;;;;;;;;;;;;
UNIAO QUIMICA - MARCELLA;;x;;;;;;;;;;;;;;;;marcela.uniaoquimica@gmail.com;;;;;;;;;;;;;;
UNIAO QUIMICA - ALEX;;x;;;;;;;;;;;;;;;;aodiniz@uniaoquimica.com.br;;;;;;;;;;;;;;
UNIAO QUIMICA - EMANUELLA;;;;;;;;;;;X;;;;;;;ebarauna@uniaoquimica.com.br;;;;;;;;;;;;;;
UNIAO QUIMICA - ERIKA;;;;;;;;;;;X;;;;;;;ebarros@uniaoquimica.com.br;;;;;;;;;;;;;;
UNIAO QUIMICA - MARIA;;;;;;;;;;;X;;;;;;;myramos@uniaoquimica.com.br;;;;;;;;;;;;;;
UNIAO QUIMICA - Mariney;;X;;;;;;;;;;;;;;;;mvolpi@uniaoquimica.com.br;;;;;;;;;;;;;;
UNIAO QUIMICA - RAQUEL;;;;;;;;;;;X;;;;;;;rplentz@uniaoquimica.com.br;;;;;;;;;;;;;;
UNIAO QUIMICA - RICARDO;;;;;;;;;;;X;;;;;;;rzica@uniaoquimica.com.br;;;;;;;;;;;;;;
UNISCIENCE;;;;;;;;;;;X;X;;;;;;priscila.goncalves@uniscience.com.br;;;;;;;;;;;;;;
UNITEC;;x;;;;;;;;;;;;;;;;a-unitec@brturbo.com.br;;;;;;;;;;;;;;
VERA CRUZ;;;;;;;;;X;;X;X;;;;;;andrea@veracruzhospitalar.com.br;;;;;;;;;;;;;;
VETON;;;;X;;;;;;;;;;;;;;ludimila@veton.com.br;;;;;;;;;;;;;;
VETON;;;;X;;;;;;;;;;;;;;wellington@veton.com.br;;;;;;;;;;;;;;
VETON;;;;X;;;;X;;;;X;;;;;;veton@veton.com.br;;;;;;;;;;;;;;
VIA FARMA;;;;;;;;;;;X;X;;;;;;wemersonbiosoluto@hotmail.com;;;;;;;;;;;;;;
VIA MAGISTRAL - MANIPULAÇÃO;;;;;;;;;;;X;;;;;;;viamagistral@uol.com.br;;;;;;;;;;;;;;
VIDAMED;;;;;;;;;;;X;X;;;;;;vidamed.dff@gmail.com;;;;;;;;;;;;;;
VILLI FARM;;;;;;;;;;;X;;;;;;;alexandre@villifarm.com.br;;;;;;;;;;;;;;
VIRATEC;;;;X;;;;;;;;;;;;;;viratec@viratec-rj.com.br;;;;;;;;;;;;;;
VISION LINE;;;;;;;;;;;X;;;;;;;atendimento@visionlinebrasil.com.br;;;;;;;;;;;;;;
VISION SERVIÇOS;;;;X;;;;;;;;;;;;;;visionservicosespecializados@gmail.com;;;;;;;;;;;;;;
VITA MEDICAL;;;;;;;;;;;;X;;;;;;vendas@vitamedical.com.br;;;;;;;;;;;;;;
VITAL SUPRIMENTOS;;;;;;;;;;;X;X;;;;;;vendas@vitalsuprimentos.com.br;;;;;;;;;;;;;;
VITALMED;;;;;;;;;;X;;X;;X;;;;vitalmedgo@gmail.com;;;;;;;;;;;;;;
VITTA HOSPITALAR;;;;;;;;X;X;X;X;X;X;;;;;licitacao1@vittahospitalar.com.br;;;;;;;;;;;;;;
VITTA HOSPITALAR 2;;;;;;;;X;X;X;X;X;X;;;;;vendas2@vittahospitalar.com.br;;;;;;;;;;;;;;
VITTA HOSPITALAR 3;;;;;;;;X;X;X;X;X;X;;;;;compras@vittahospitalar.com.br;;;;;;;;;;;;;;
VITTA HOSPITALAR 4;;;;;;;;X;X;X;X;X;X;;;;;vendas4@vittahospitalar.com.br;;;;;;;;;;;;;;
VITTAMED;;;;;;;;;;X;X;X;;;;;;vittamed.df@gmail.com;;;;;;;;;;;;;;
Viva Medicamentos;;;;;;;;X;;;X;X;;;;;;licitacao01@vivamedicamentos.com.br;;;;;;;;;;;;;;
VIVA MEDICAMENTOS 2;;;;;;;;;;;X;X;;;;;;vendas02@vivamedicamentos.com.br;;;;;;;;;;;;;;
VIVA MEDICAMENTOS 3;;;;;;;;;;;X;X;;;;;;vendas01@vivamedicamentos.com.br;;;;;;;;;;;;;;
VIVAMED;;;;X;;;;;;;;;;;;;;vivamed@uol.com.br;;;;;;;;;;;;;;
VIVENDA;;;;;;;;;;;X;;;;;;;luiza@rcvendas.com.br;;;;;;;;;;;;;;
VMB ENGENHARIA;;;X;;;;;;;;;;;;;;;vmbengenhariaearquitetura@gmail.com;;;;;;;;;;;;;;
VOGUE;;;;;;;;;;X;;;;;;;;silvanarochalima@hotmail.com;;;;;;;;;;;;;;
VULCÃO DA BORRACHA;;;X;;;;;;;;;;;X;;;;francivaldo@vulcaodaborracha.com.br;;;;;;;;;;;;;;
Vyttra Diagnosticos;;;;X;;;;;X;;;;;;;;;marcia.pacheco@vyttra.com;;;;;;;;;;;;;;
WERBRAN;;;;;;;;;;;X;X;;;;;;vendashospitalar1@werbran.com.br;;;;;;;;;;;;;;
WERBRAN 2;;;;;;;;;;;X;X;;;;;;vendashospitalar2@werbran.com.br;;;;;;;;;;;;;;
WIENER;;;;;;;;;X;;;;;;;;;pedidos@wiener-lab.com.br;;;;;;;;;;;;;;
WIENER-LAB;;;;;;;;;X;;;;;;;;;rosangela.pereira@wiener-lab.com.br;;;;;;;;;;;;;;
WIENER-LAB;;;;;;;;;X;;;;;;;;;joeldson.gomes@outlook.com;;;;;;;;;;;;;;
WIENER-LAB;;;;;;;;;X;;;;;;;;;mariatereza@wiener-lab.com.br;;;;;;;;;;;;;;
WIENER-LAB;;;;;;;;;X;;;;;;;;;erica.navarro@wiener-lab.com.br;;;;;;;;;;;;;;
WIENER-LAB;;;;;;;;;X;;;;;;;;;pedidos@wiener-lab.com.br;;;;;;;;;;;;;;
WIENER-LAB;;X;;;;;;;X;;;;;;;;;celsogastaldo@wiener-lab.com.br;;;;;;;;;;;;;;
WINNER;;;;;;;;;X;X;;;;;;;;vendas.winnerbrasil@gmail.com;;;;;;;;;;;;;;
WINNER - CATARINA;;;;;;;;;;X;;X;;;;;;catarina.winnerbrasil@gmail.com;;;;;;;;;;;;;;
WINNER - ELIS;;;;;;;;;;X;;X;;;;;;guedes.elis@ig.com.br;;;;;;;;;;;;;;
WINNER - ELISANGELA;;;;;;;;;;X;;X;;;;;;elisangela@winnerbrasil.com;;;;;;;;;;;;;;
WJ COMERCIO;;;X;X;;;;;;X;;;;X;;X;;vendas@wjcomercio.com.br;;;;;;;;;;;;;;
WL DE OLIVEIRA;;;;;;;;;;;;;;;;X;;wlservicosvisual@gmail.com;;;;;;;;;;;;;;
ZIONTECH;;;;;;;;X;;;;X;;;;;;larissa.silva@ziontechag.com;;;;;;;;;;;;;;
